{
    "type": "minecraft:range_choice",
    "input": "tectonic:overworld/special/deep_dark/parameters",
    "min_inclusive": 0.9,
    "max_exclusive": 1.1,
    "when_in_range": 1,
    "when_out_of_range": {
        "type": "minecraft:range_choice",
        "input": "tectonic:overworld/special/oceanside_cliffs/parameters",
        "min_inclusive": 0.9,
        "max_exclusive": 1.1,
        "when_in_range": 1,
        "when_out_of_range": {
            "type": "minecraft:range_choice",
            "input": "tectonic:overworld/special/underground_rivers/parameters_lax",
            "min_inclusive": 0.9,
            "max_exclusive": 1.1,
            "when_in_range": 1,
            "when_out_of_range": {
                "noise": "minecraft:aquifer_fluid_level_spread",
                "xz_scale": 1.0,
                "y_scale": 0.7142857142857143,
                "type": "minecraft:noise"
            }
        }
    }
}