{
    "type": "minecraft:cache_once",
    "argument": {
        "type": "minecraft:range_choice",
        "input": "minecraft:overworld/continents",
        "min_inclusive": -0.1,
        "max_exclusive": 0.1,
        "when_in_range": {
            "type": "minecraft:range_choice",
            "input": "minecraft:overworld/base_erosion",
            "min_inclusive": -0.15,
            "max_exclusive": 0.15,
            "when_in_range": {
                "type": "minecraft:range_choice",
                "input": "minecraft:y",
                "min_inclusive": 36,
                "max_exclusive": 72,
                "when_in_range": 1,
                "when_out_of_range": 0
            },
            "when_out_of_range": 0
        },
        "when_out_of_range": 0
    }
}