{
  "processors": [
    {
      "processor_type": "minecraft:rule",
      "rules": [
        {
          "location_predicate": {
            "predicate_type": "minecraft:always_true"
          },
          "input_predicate": {
            "predicate_type": "minecraft:random_block_match",
            "block": "minecraft:anvil",
            "probability": 0.70
          },
          "output_state": {
            "Name": "minecraft:smooth_stone"
          }
        },
        {
          "location_predicate": {
            "predicate_type": "minecraft:always_true"
          },
          "input_predicate": {
            "predicate_type": "minecraft:random_block_match",
            "block": "minecraft:anvil",
            "probability": 0.35
          },
          "output_state": {
            "Name": "minecraft:damaged_anvil",
            "Properties": {
              "facing": "east"
            }
          }
        },
        {
          "location_predicate": {
            "predicate_type": "minecraft:always_true"
          },
          "input_predicate": {
            "predicate_type": "minecraft:random_block_match",
            "block": "minecraft:anvil",
            "probability": 0.55
          },
          "output_state": {
            "Name": "minecraft:chipped_anvil",
            "Properties": {
              "facing": "east"
            }
          }
        },
        {
          "input_predicate": {
            "predicate_type": "minecraft:random_block_match",
            "block": "minecraft:coarse_dirt",
            "probability": 1.0
          },
          "location_predicate": {
            "block": "minecraft:grass_block",
            "predicate_type": "minecraft:block_match"
          },
          "output_state": {
            "Name": "minecraft:grass_block"
          }
		},
        {
          "input_predicate": {
            "predicate_type": "minecraft:random_block_match",
            "block": "minecraft:coarse_dirt",
            "probability": 1.0
          },
          "location_predicate": {
            "block": "minecraft:red_sand",
            "predicate_type": "minecraft:block_match"
          },
          "output_state": {
            "Name": "minecraft:red_sand"
          }
		},
        {
          "location_predicate": {
            "predicate_type": "minecraft:always_true"
          },
          "input_predicate": {
            "predicate_type": "minecraft:random_block_match",
            "block": "minecraft:coarse_dirt",
            "probability": 0.50
          },
          "output_state": {
            "Name": "minecraft:packed_mud"
          }
        },
        {
          "location_predicate": {
            "predicate_type": "minecraft:always_true"
          },
          "input_predicate": {
            "predicate_type": "minecraft:random_block_match",
            "block": "minecraft:stonecutter",
            "probability": 0.50
          },
          "output_state": {
            "Name": "minecraft:smooth_stone"
          }
        },
        {
          "location_predicate": {
            "predicate_type": "minecraft:always_true"
          },
          "input_predicate": {
            "predicate_type": "minecraft:random_block_match",
            "block": "minecraft:grindstone",
            "probability": 0.50
          },
          "output_state": {
            "Name": "minecraft:smooth_stone"
          }
        },
        {
          "location_predicate": {
            "predicate_type": "minecraft:always_true"
          },
          "input_predicate": {
            "predicate_type": "minecraft:random_block_match",
            "block": "minecraft:large_amethyst_bud",
            "probability": 0.70
          },
          "output_state": {
            "Name": "minecraft:air"
          }
        },
        {
          "location_predicate": {
            "predicate_type": "minecraft:always_true"
          },
          "input_predicate": {
            "predicate_type": "minecraft:random_block_match",
            "block": "minecraft:wheat",
            "probability": 0.33
          },
          "output_state": {
            "Name": "minecraft:beetroots",
            "Properties": {
              "age": "3"
            }
          }
        },
        {
          "location_predicate": {
            "predicate_type": "minecraft:always_true"
          },
          "input_predicate": {
            "predicate_type": "minecraft:random_block_match",
            "block": "minecraft:wheat",
            "probability": 0.50
          },
          "output_state": {
            "Name": "minecraft:wheat",
            "Properties": {
              "age": "7"
            }
          }
        },
        {
          "location_predicate": {
            "predicate_type": "minecraft:always_true"
          },
          "input_predicate": {
            "predicate_type": "minecraft:random_block_match",
            "block": "minecraft:wheat",
            "probability": 0.35
          },
          "output_state": {
            "Name": "minecraft:wheat",
            "Properties": {
              "age": "6"
            }
          }
        },
        {
          "location_predicate": {
            "predicate_type": "minecraft:always_true"
          },
          "input_predicate": {
            "predicate_type": "minecraft:random_block_match",
            "block": "minecraft:wheat",
            "probability": 1.00
          },
          "output_state": {
            "Name": "minecraft:wheat",
            "Properties": {
              "age": "5"
            }
          }
        },
        {
          "location_predicate": {
            "predicate_type": "minecraft:always_true"
          },
          "input_predicate": {
            "predicate_type": "minecraft:random_blockstate_match",
            "block_state": {
              "Name": "minecraft:smoker",
              "Properties": {
                "facing": "south",
                "lit": "false"
              }
            },
            "probability": 0.50
          },
          "output_state": {
            "Name": "minecraft:smoker",
            "Properties": {
              "facing": "south",
              "lit": "false"
            }
          },
          "output_nbt": {"Items":[{"Slot":1,"id":"minecraft:charcoal","Count":1}]}
        },
        {
          "location_predicate": {
            "predicate_type": "minecraft:always_true"
          },
          "input_predicate": {
            "predicate_type": "minecraft:random_blockstate_match",
            "block_state": {
              "Name": "minecraft:smoker",
              "Properties": {
                "facing": "south",
                "lit": "false"
              }
            },
            "probability": 0.25
          },
          "output_state": {
            "Name": "minecraft:smoker",
            "Properties": {
              "facing": "south",
              "lit": "false"
            }
          },
          "output_nbt": {"Items":[{"Slot":1,"id":"minecraft:charcoal","Count":2}]}
        },
        {
          "location_predicate": {
            "predicate_type": "minecraft:always_true"
          },
          "input_predicate": {
            "predicate_type": "minecraft:random_blockstate_match",
            "block_state": {
              "Name": "minecraft:smoker",
              "Properties": {
                "facing": "south",
                "lit": "false"
              }
            },
            "probability": 0.05
          },
          "output_state": {
            "Name": "minecraft:smoker",
            "Properties": {
              "facing": "south",
              "lit": "false"
            }
          },
          "output_nbt": {"Items":[{"Slot":1,"id":"minecraft:charcoal","Count":3}]}
        },
        {
          "location_predicate": {
            "predicate_type": "minecraft:always_true"
          },
          "input_predicate": {
            "predicate_type": "minecraft:random_blockstate_match",
            "block_state": {
              "Name": "minecraft:blast_furnace",
              "Properties": {
                "facing": "south",
                "lit": "false"
              }
            },
            "probability": 0.50
          },
          "output_state": {
            "Name": "minecraft:blast_furnace",
            "Properties": {
              "facing": "south",
              "lit": "false"
            }
          },
          "output_nbt": {"Items":[{"Slot":1,"id":"minecraft:charcoal","Count":1}]}
        },
        {
          "location_predicate": {
            "predicate_type": "minecraft:always_true"
          },
          "input_predicate": {
            "predicate_type": "minecraft:random_blockstate_match",
            "block_state": {
              "Name": "minecraft:blast_furnace",
              "Properties": {
                "facing": "south",
                "lit": "false"
              }
            },
            "probability": 0.35
          },
          "output_state": {
            "Name": "minecraft:blast_furnace",
            "Properties": {
              "facing": "south",
              "lit": "false"
            }
          },
          "output_nbt": {"Items":[{"Slot":1,"id":"minecraft:charcoal","Count":2}]}
        },
        {
          "location_predicate": {
            "predicate_type": "minecraft:always_true"
          },
          "input_predicate": {
            "predicate_type": "minecraft:random_blockstate_match",
            "block_state": {
              "Name": "minecraft:blast_furnace",
              "Properties": {
                "facing": "south",
                "lit": "false"
              }
            },
            "probability": 0.15
          },
          "output_state": {
            "Name": "minecraft:blast_furnace",
            "Properties": {
              "facing": "south",
              "lit": "false"
            }
          },
          "output_nbt": {"Items":[{"Slot":1,"id":"minecraft:charcoal","Count":3}]}
        },
        {
          "location_predicate": {
            "predicate_type": "minecraft:always_true"
          },
          "input_predicate": {
            "predicate_type": "minecraft:random_blockstate_match",
            "block_state": {
              "Name": "minecraft:blast_furnace",
              "Properties": {
                "facing": "south",
                "lit": "false"
              }
            },
            "probability": 0.05
          },
          "output_state": {
            "Name": "minecraft:blast_furnace",
            "Properties": {
              "facing": "south",
              "lit": "false"
            }
          },
          "output_nbt": {"Items":[{"Slot":1,"id":"minecraft:charcoal","Count":4}]}
        },
        {
          "location_predicate": {
            "predicate_type": "minecraft:always_true"
          },
          "input_predicate": {
            "predicate_type": "minecraft:random_blockstate_match",
            "block_state": {
              "Name": "minecraft:blast_furnace",
              "Properties": {
                "facing": "north",
                "lit": "false"
              }
            },
            "probability": 0.50
          },
          "output_state": {
            "Name": "minecraft:blast_furnace",
            "Properties": {
              "facing": "north",
              "lit": "false"
            }
          },
          "output_nbt": {"Items":[{"Slot":1,"id":"minecraft:charcoal","Count":1}]}
        },
        {
          "location_predicate": {
            "predicate_type": "minecraft:always_true"
          },
          "input_predicate": {
            "predicate_type": "minecraft:random_blockstate_match",
            "block_state": {
              "Name": "minecraft:blast_furnace",
              "Properties": {
                "facing": "north",
                "lit": "false"
              }
            },
            "probability": 0.35
          },
          "output_state": {
            "Name": "minecraft:blast_furnace",
            "Properties": {
              "facing": "north",
              "lit": "false"
            }
          },
          "output_nbt": {"Items":[{"Slot":1,"id":"minecraft:charcoal","Count":2}]}
        },
        {
          "location_predicate": {
            "predicate_type": "minecraft:always_true"
          },
          "input_predicate": {
            "predicate_type": "minecraft:random_blockstate_match",
            "block_state": {
              "Name": "minecraft:blast_furnace",
              "Properties": {
                "facing": "north",
                "lit": "false"
              }
            },
            "probability": 0.15
          },
          "output_state": {
            "Name": "minecraft:blast_furnace",
            "Properties": {
              "facing": "north",
              "lit": "false"
            }
          },
          "output_nbt": {"Items":[{"Slot":1,"id":"minecraft:charcoal","Count":3}]}
        },
        {
          "location_predicate": {
            "predicate_type": "minecraft:always_true"
          },
          "input_predicate": {
            "predicate_type": "minecraft:random_blockstate_match",
            "block_state": {
              "Name": "minecraft:blast_furnace",
              "Properties": {
                "facing": "north",
                "lit": "false"
              }
            },
            "probability": 0.05
          },
          "output_state": {
            "Name": "minecraft:blast_furnace",
            "Properties": {
              "facing": "north",
              "lit": "false"
            }
          },
          "output_nbt": {"Items":[{"Slot":1,"id":"minecraft:charcoal","Count":4}]}
        },
        {
          "location_predicate": {
            "predicate_type": "minecraft:always_true"
          },
          "input_predicate": {
            "predicate_type": "minecraft:random_blockstate_match",
            "block_state": {
              "Name": "minecraft:blast_furnace",
              "Properties": {
                "facing": "west",
                "lit": "false"
              }
            },
            "probability": 0.50
          },
          "output_state": {
            "Name": "minecraft:blast_furnace",
            "Properties": {
              "facing": "west",
              "lit": "false"
            }
          },
          "output_nbt": {"Items":[{"Slot":1,"id":"minecraft:charcoal","Count":1}]}
        },
        {
          "location_predicate": {
            "predicate_type": "minecraft:always_true"
          },
          "input_predicate": {
            "predicate_type": "minecraft:random_blockstate_match",
            "block_state": {
              "Name": "minecraft:blast_furnace",
              "Properties": {
                "facing": "west",
                "lit": "false"
              }
            },
            "probability": 0.35
          },
          "output_state": {
            "Name": "minecraft:blast_furnace",
            "Properties": {
              "facing": "west",
              "lit": "false"
            }
          },
          "output_nbt": {"Items":[{"Slot":1,"id":"minecraft:charcoal","Count":2}]}
        },
        {
          "location_predicate": {
            "predicate_type": "minecraft:always_true"
          },
          "input_predicate": {
            "predicate_type": "minecraft:random_blockstate_match",
            "block_state": {
              "Name": "minecraft:blast_furnace",
              "Properties": {
                "facing": "west",
                "lit": "false"
              }
            },
            "probability": 0.15
          },
          "output_state": {
            "Name": "minecraft:blast_furnace",
            "Properties": {
              "facing": "west",
              "lit": "false"
            }
          },
          "output_nbt": {"Items":[{"Slot":1,"id":"minecraft:charcoal","Count":3}]}
        },
        {
          "location_predicate": {
            "predicate_type": "minecraft:always_true"
          },
          "input_predicate": {
            "predicate_type": "minecraft:random_blockstate_match",
            "block_state": {
              "Name": "minecraft:blast_furnace",
              "Properties": {
                "facing": "west",
                "lit": "false"
              }
            },
            "probability": 0.05
          },
          "output_state": {
            "Name": "minecraft:blast_furnace",
            "Properties": {
              "facing": "west",
              "lit": "false"
            }
          },
          "output_nbt": {"Items":[{"Slot":1,"id":"minecraft:charcoal","Count":4}]}
        },
        {
          "location_predicate": {
            "predicate_type": "minecraft:always_true"
          },
          "input_predicate": {
            "predicate_type": "minecraft:random_blockstate_match",
            "block_state": {
              "Name": "minecraft:blast_furnace",
              "Properties": {
                "facing": "east",
                "lit": "false"
              }
            },
            "probability": 0.50
          },
          "output_state": {
            "Name": "minecraft:blast_furnace",
            "Properties": {
              "facing": "east",
              "lit": "false"
            }
          },
          "output_nbt": {"Items":[{"Slot":1,"id":"minecraft:charcoal","Count":1}]}
        },
        {
          "location_predicate": {
            "predicate_type": "minecraft:always_true"
          },
          "input_predicate": {
            "predicate_type": "minecraft:random_blockstate_match",
            "block_state": {
              "Name": "minecraft:blast_furnace",
              "Properties": {
                "facing": "east",
                "lit": "false"
              }
            },
            "probability": 0.35
          },
          "output_state": {
            "Name": "minecraft:blast_furnace",
            "Properties": {
              "facing": "east",
              "lit": "false"
            }
          },
          "output_nbt": {"Items":[{"Slot":1,"id":"minecraft:charcoal","Count":2}]}
        },
        {
          "location_predicate": {
            "predicate_type": "minecraft:always_true"
          },
          "input_predicate": {
            "predicate_type": "minecraft:random_blockstate_match",
            "block_state": {
              "Name": "minecraft:blast_furnace",
              "Properties": {
                "facing": "east",
                "lit": "false"
              }
            },
            "probability": 0.15
          },
          "output_state": {
            "Name": "minecraft:blast_furnace",
            "Properties": {
              "facing": "east",
              "lit": "false"
            }
          },
          "output_nbt": {"Items":[{"Slot":1,"id":"minecraft:charcoal","Count":3}]}
        },
        {
          "location_predicate": {
            "predicate_type": "minecraft:always_true"
          },
          "input_predicate": {
            "predicate_type": "minecraft:random_blockstate_match",
            "block_state": {
              "Name": "minecraft:blast_furnace",
              "Properties": {
                "facing": "east",
                "lit": "false"
              }
            },
            "probability": 0.05
          },
          "output_state": {
            "Name": "minecraft:blast_furnace",
            "Properties": {
              "facing": "east",
              "lit": "false"
            }
          },
          "output_nbt": {"Items":[{"Slot":1,"id":"minecraft:charcoal","Count":4}]}
        },
        {
          "input_predicate": {
            "predicate_type": "minecraft:random_block_match",
            "block": "minecraft:candle",
            "probability": 0.50
          },
          "location_predicate": {
            "predicate_type": "minecraft:always_true"
          },
          "output_state": {
            "Name": "minecraft:air"
          }
		},
        {
          "location_predicate": {
            "predicate_type": "minecraft:always_true"
          },
          "input_predicate": {
            "predicate_type": "minecraft:random_block_match",
            "block": "minecraft:candle",
            "probability": 0.50
          },
          "output_state": {
            "Name": "minecraft:candle",
            "Properties": {
              "candles": "2"
            }
          }
        },
        {
          "location_predicate": {
            "predicate_type": "minecraft:always_true"
          },
          "input_predicate": {
            "predicate_type": "minecraft:random_block_match",
            "block": "minecraft:candle",
            "probability": 0.25
          },
          "output_state": {
            "Name": "minecraft:candle",
            "Properties": {
              "candles": "3"
            }
          }
        },
        {
          "location_predicate": {
            "predicate_type": "minecraft:always_true"
          },
          "input_predicate": {
            "predicate_type": "minecraft:random_block_match",
            "block": "minecraft:candle",
            "probability": 0.05
          },
          "output_state": {
            "Name": "minecraft:candle",
            "Properties": {
              "candles": "4"
            }
          }
        }
      ]
    }
  ]
}
