{
  "processors": [
    {
      "processor_type": "minecraft:rule",
      "rules": [
        {
          "location_predicate": {
            "predicate_type": "minecraft:always_true"
          },
          "input_predicate": {
            "predicate_type": "minecraft:random_block_match",
            "block": "minecraft:iron_bars",
            "probability": 0.05
          },
          "output_state": {
            "Name": "minecraft:air"
          }
        },
        {
          "location_predicate": {
            "predicate_type": "minecraft:always_true"
          },
          "input_predicate": {
            "predicate_type": "minecraft:random_block_match",
            "block": "minecraft:spruce_trapdoor",
            "probability": 0.05
          },
          "output_state": {
            "Name": "minecraft:air"
          }
        },
        {
          "location_predicate": {
            "predicate_type": "minecraft:always_true"
          },
          "input_predicate": {
            "predicate_type": "minecraft:random_block_match",
            "block": "minecraft:oak_trapdoor",
            "probability": 0.05
          },
          "output_state": {
            "Name": "minecraft:air"
          }
        },
        {
          "location_predicate": {
            "predicate_type": "minecraft:always_true"
          },
          "input_predicate": {
            "predicate_type": "minecraft:random_block_match",
            "block": "minecraft:lantern",
            "probability": 0.10
          },
          "output_state": {
            "Name": "minecraft:air"
          }
        },
        {
          "location_predicate": {
            "predicate_type": "minecraft:always_true"
          },
          "input_predicate": {
            "predicate_type": "minecraft:random_blockstate_match",
            "block_state": {
              "Name": "minecraft:furnace",
              "Properties": {
                "facing": "west",
                "lit": "false"
              }
            },
            "probability": 0.05
          },
          "output_state": {
            "Name": "minecraft:furnace",
            "Properties": {
              "facing": "west",
              "lit": "false"
            }
          },
          "output_nbt": {"Items":[{"Slot":2,"id":"minecraft:rotten_flesh","Count":1}]}
        },
        {
          "location_predicate": {
            "predicate_type": "minecraft:always_true"
          },
          "input_predicate": {
            "predicate_type": "minecraft:random_blockstate_match",
            "block_state": {
              "Name": "minecraft:furnace",
              "Properties": {
                "facing": "west",
                "lit": "false"
              }
            },
            "probability": 0.05
          },
          "output_state": {
            "Name": "minecraft:furnace",
            "Properties": {
              "facing": "west",
              "lit": "false"
            }
          },
          "output_nbt": {"Items":[{"Slot":2,"id":"minecraft:rotten_flesh","Count":2}]}
        },
        {
          "location_predicate": {
            "predicate_type": "minecraft:always_true"
          },
          "input_predicate": {
            "predicate_type": "minecraft:random_blockstate_match",
            "block_state": {
              "Name": "minecraft:furnace",
              "Properties": {
                "facing": "west",
                "lit": "false"
              }
            },
            "probability": 0.10
          },
          "output_state": {
            "Name": "minecraft:furnace",
            "Properties": {
              "facing": "west",
              "lit": "false"
            }
          },
          "output_nbt": {"Items":[{"Slot":1,"id":"minecraft:charcoal","Count":1}]}
        },
        {
          "location_predicate": {
            "predicate_type": "minecraft:always_true"
          },
          "input_predicate": {
            "predicate_type": "minecraft:random_blockstate_match",
            "block_state": {
              "Name": "minecraft:furnace",
              "Properties": {
                "facing": "west",
                "lit": "false"
              }
            },
            "probability": 0.25
          },
          "output_state": {
            "Name": "minecraft:furnace",
            "Properties": {
              "facing": "west",
              "lit": "false"
            }
          },
          "output_nbt": {"Items":[{"Slot":1,"id":"minecraft:charcoal","Count":2}]}
        },
        {
          "location_predicate": {
            "predicate_type": "minecraft:always_true"
          },
          "input_predicate": {
            "predicate_type": "minecraft:random_blockstate_match",
            "block_state": {
              "Name": "minecraft:furnace",
              "Properties": {
                "facing": "west",
                "lit": "false"
              }
            },
            "probability": 0.50
          },
          "output_state": {
            "Name": "minecraft:furnace",
            "Properties": {
              "facing": "west",
              "lit": "false"
            }
          },
          "output_nbt": {"Items":[{"Slot":1,"id":"minecraft:charcoal","Count":3}]}
        },
        {
          "location_predicate": {
            "predicate_type": "minecraft:always_true"
          },
          "input_predicate": {
            "predicate_type": "minecraft:random_blockstate_match",
            "block_state": {
              "Name": "minecraft:furnace",
              "Properties": {
                "facing": "west",
                "lit": "false"
              }
            },
            "probability": 0.15
          },
          "output_state": {
            "Name": "minecraft:furnace",
            "Properties": {
              "facing": "west",
              "lit": "false"
            }
          },
          "output_nbt": {"Items":[{"Slot":1,"id":"minecraft:charcoal","Count":4}]}
        },
        {
          "location_predicate": {
            "predicate_type": "minecraft:always_true"
          },
          "input_predicate": {
            "predicate_type": "minecraft:random_blockstate_match",
            "block_state": {
              "Name": "minecraft:furnace",
              "Properties": {
                "facing": "west",
                "lit": "false"
              }
            },
            "probability": 0.05
          },
          "output_state": {
            "Name": "minecraft:furnace",
            "Properties": {
              "facing": "west",
              "lit": "false"
            }
          },
          "output_nbt": {"Items":[{"Slot":1,"id":"minecraft:charcoal","Count":5}]}
        },
        {
          "location_predicate": {
            "predicate_type": "minecraft:always_true"
          },
          "input_predicate": {
            "predicate_type": "minecraft:random_blockstate_match",
            "block_state": {
              "Name": "minecraft:furnace",
              "Properties": {
                "facing": "east",
                "lit": "false"
              }
            },
            "probability": 0.05
          },
          "output_state": {
            "Name": "minecraft:furnace",
            "Properties": {
              "facing": "east",
              "lit": "false"
            }
          },
          "output_nbt": {"Items":[{"Slot":2,"id":"minecraft:rotten_flesh","Count":1}]}
        },
        {
          "location_predicate": {
            "predicate_type": "minecraft:always_true"
          },
          "input_predicate": {
            "predicate_type": "minecraft:random_blockstate_match",
            "block_state": {
              "Name": "minecraft:furnace",
              "Properties": {
                "facing": "east",
                "lit": "false"
              }
            },
            "probability": 0.05
          },
          "output_state": {
            "Name": "minecraft:furnace",
            "Properties": {
              "facing": "east",
              "lit": "false"
            }
          },
          "output_nbt": {"Items":[{"Slot":2,"id":"minecraft:rotten_flesh","Count":2}]}
        },
        {
          "location_predicate": {
            "predicate_type": "minecraft:always_true"
          },
          "input_predicate": {
            "predicate_type": "minecraft:random_blockstate_match",
            "block_state": {
              "Name": "minecraft:furnace",
              "Properties": {
                "facing": "east",
                "lit": "false"
              }
            },
            "probability": 0.10
          },
          "output_state": {
            "Name": "minecraft:furnace",
            "Properties": {
              "facing": "east",
              "lit": "false"
            }
          },
          "output_nbt": {"Items":[{"Slot":1,"id":"minecraft:charcoal","Count":1}]}
        },
        {
          "location_predicate": {
            "predicate_type": "minecraft:always_true"
          },
          "input_predicate": {
            "predicate_type": "minecraft:random_blockstate_match",
            "block_state": {
              "Name": "minecraft:furnace",
              "Properties": {
                "facing": "east",
                "lit": "false"
              }
            },
            "probability": 0.25
          },
          "output_state": {
            "Name": "minecraft:furnace",
            "Properties": {
              "facing": "east",
              "lit": "false"
            }
          },
          "output_nbt": {"Items":[{"Slot":1,"id":"minecraft:charcoal","Count":2}]}
        },
        {
          "location_predicate": {
            "predicate_type": "minecraft:always_true"
          },
          "input_predicate": {
            "predicate_type": "minecraft:random_blockstate_match",
            "block_state": {
              "Name": "minecraft:furnace",
              "Properties": {
                "facing": "east",
                "lit": "false"
              }
            },
            "probability": 0.50
          },
          "output_state": {
            "Name": "minecraft:furnace",
            "Properties": {
              "facing": "east",
              "lit": "false"
            }
          },
          "output_nbt": {"Items":[{"Slot":1,"id":"minecraft:charcoal","Count":3}]}
        },
        {
          "location_predicate": {
            "predicate_type": "minecraft:always_true"
          },
          "input_predicate": {
            "predicate_type": "minecraft:random_blockstate_match",
            "block_state": {
              "Name": "minecraft:furnace",
              "Properties": {
                "facing": "east",
                "lit": "false"
              }
            },
            "probability": 0.15
          },
          "output_state": {
            "Name": "minecraft:furnace",
            "Properties": {
              "facing": "east",
              "lit": "false"
            }
          },
          "output_nbt": {"Items":[{"Slot":1,"id":"minecraft:charcoal","Count":4}]}
        },
        {
          "location_predicate": {
            "predicate_type": "minecraft:always_true"
          },
          "input_predicate": {
            "predicate_type": "minecraft:random_blockstate_match",
            "block_state": {
              "Name": "minecraft:furnace",
              "Properties": {
                "facing": "east",
                "lit": "false"
              }
            },
            "probability": 0.05
          },
          "output_state": {
            "Name": "minecraft:furnace",
            "Properties": {
              "facing": "east",
              "lit": "false"
            }
          },
          "output_nbt": {"Items":[{"Slot":1,"id":"minecraft:charcoal","Count":5}]}
        },
        {
          "location_predicate": {
            "predicate_type": "minecraft:always_true"
          },
          "input_predicate": {
            "predicate_type": "minecraft:random_blockstate_match",
            "block_state": {
              "Name": "minecraft:furnace",
              "Properties": {
                "facing": "north",
                "lit": "false"
              }
            },
            "probability": 0.05
          },
          "output_state": {
            "Name": "minecraft:furnace",
            "Properties": {
              "facing": "north",
              "lit": "false"
            }
          },
          "output_nbt": {"Items":[{"Slot":2,"id":"minecraft:rotten_flesh","Count":1}]}
        },
        {
          "location_predicate": {
            "predicate_type": "minecraft:always_true"
          },
          "input_predicate": {
            "predicate_type": "minecraft:random_blockstate_match",
            "block_state": {
              "Name": "minecraft:furnace",
              "Properties": {
                "facing": "north",
                "lit": "false"
              }
            },
            "probability": 0.05
          },
          "output_state": {
            "Name": "minecraft:furnace",
            "Properties": {
              "facing": "north",
              "lit": "false"
            }
          },
          "output_nbt": {"Items":[{"Slot":2,"id":"minecraft:rotten_flesh","Count":2}]}
        },
        {
          "location_predicate": {
            "predicate_type": "minecraft:always_true"
          },
          "input_predicate": {
            "predicate_type": "minecraft:random_blockstate_match",
            "block_state": {
              "Name": "minecraft:furnace",
              "Properties": {
                "facing": "north",
                "lit": "false"
              }
            },
            "probability": 0.10
          },
          "output_state": {
            "Name": "minecraft:furnace",
            "Properties": {
              "facing": "north",
              "lit": "false"
            }
          },
          "output_nbt": {"Items":[{"Slot":1,"id":"minecraft:charcoal","Count":1}]}
        },
        {
          "location_predicate": {
            "predicate_type": "minecraft:always_true"
          },
          "input_predicate": {
            "predicate_type": "minecraft:random_blockstate_match",
            "block_state": {
              "Name": "minecraft:furnace",
              "Properties": {
                "facing": "north",
                "lit": "false"
              }
            },
            "probability": 0.25
          },
          "output_state": {
            "Name": "minecraft:furnace",
            "Properties": {
              "facing": "north",
              "lit": "false"
            }
          },
          "output_nbt": {"Items":[{"Slot":1,"id":"minecraft:charcoal","Count":2}]}
        },
        {
          "location_predicate": {
            "predicate_type": "minecraft:always_true"
          },
          "input_predicate": {
            "predicate_type": "minecraft:random_blockstate_match",
            "block_state": {
              "Name": "minecraft:furnace",
              "Properties": {
                "facing": "north",
                "lit": "false"
              }
            },
            "probability": 0.50
          },
          "output_state": {
            "Name": "minecraft:furnace",
            "Properties": {
              "facing": "north",
              "lit": "false"
            }
          },
          "output_nbt": {"Items":[{"Slot":1,"id":"minecraft:charcoal","Count":3}]}
        },
        {
          "location_predicate": {
            "predicate_type": "minecraft:always_true"
          },
          "input_predicate": {
            "predicate_type": "minecraft:random_blockstate_match",
            "block_state": {
              "Name": "minecraft:furnace",
              "Properties": {
                "facing": "north",
                "lit": "false"
              }
            },
            "probability": 0.15
          },
          "output_state": {
            "Name": "minecraft:furnace",
            "Properties": {
              "facing": "north",
              "lit": "false"
            }
          },
          "output_nbt": {"Items":[{"Slot":1,"id":"minecraft:charcoal","Count":4}]}
        },
        {
          "location_predicate": {
            "predicate_type": "minecraft:always_true"
          },
          "input_predicate": {
            "predicate_type": "minecraft:random_blockstate_match",
            "block_state": {
              "Name": "minecraft:furnace",
              "Properties": {
                "facing": "north",
                "lit": "false"
              }
            },
            "probability": 0.05
          },
          "output_state": {
            "Name": "minecraft:furnace",
            "Properties": {
              "facing": "north",
              "lit": "false"
            }
          },
          "output_nbt": {"Items":[{"Slot":1,"id":"minecraft:charcoal","Count":5}]}
        },
        {
          "location_predicate": {
            "predicate_type": "minecraft:always_true"
          },
          "input_predicate": {
            "predicate_type": "minecraft:random_blockstate_match",
            "block_state": {
              "Name": "minecraft:furnace",
              "Properties": {
                "facing": "south",
                "lit": "false"
              }
            },
            "probability": 0.05
          },
          "output_state": {
            "Name": "minecraft:furnace",
            "Properties": {
              "facing": "south",
              "lit": "false"
            }
          },
          "output_nbt": {"Items":[{"Slot":2,"id":"minecraft:rotten_flesh","Count":1}]}
        },
        {
          "location_predicate": {
            "predicate_type": "minecraft:always_true"
          },
          "input_predicate": {
            "predicate_type": "minecraft:random_blockstate_match",
            "block_state": {
              "Name": "minecraft:furnace",
              "Properties": {
                "facing": "south",
                "lit": "false"
              }
            },
            "probability": 0.05
          },
          "output_state": {
            "Name": "minecraft:furnace",
            "Properties": {
              "facing": "south",
              "lit": "false"
            }
          },
          "output_nbt": {"Items":[{"Slot":2,"id":"minecraft:rotten_flesh","Count":2}]}
        },
        {
          "location_predicate": {
            "predicate_type": "minecraft:always_true"
          },
          "input_predicate": {
            "predicate_type": "minecraft:random_blockstate_match",
            "block_state": {
              "Name": "minecraft:furnace",
              "Properties": {
                "facing": "south",
                "lit": "false"
              }
            },
            "probability": 0.10
          },
          "output_state": {
            "Name": "minecraft:furnace",
            "Properties": {
              "facing": "south",
              "lit": "false"
            }
          },
          "output_nbt": {"Items":[{"Slot":1,"id":"minecraft:charcoal","Count":1}]}
        },
        {
          "location_predicate": {
            "predicate_type": "minecraft:always_true"
          },
          "input_predicate": {
            "predicate_type": "minecraft:random_blockstate_match",
            "block_state": {
              "Name": "minecraft:furnace",
              "Properties": {
                "facing": "south",
                "lit": "false"
              }
            },
            "probability": 0.25
          },
          "output_state": {
            "Name": "minecraft:furnace",
            "Properties": {
              "facing": "south",
              "lit": "false"
            }
          },
          "output_nbt": {"Items":[{"Slot":1,"id":"minecraft:charcoal","Count":2}]}
        },
        {
          "location_predicate": {
            "predicate_type": "minecraft:always_true"
          },
          "input_predicate": {
            "predicate_type": "minecraft:random_blockstate_match",
            "block_state": {
              "Name": "minecraft:furnace",
              "Properties": {
                "facing": "south",
                "lit": "false"
              }
            },
            "probability": 0.50
          },
          "output_state": {
            "Name": "minecraft:furnace",
            "Properties": {
              "facing": "south",
              "lit": "false"
            }
          },
          "output_nbt": {"Items":[{"Slot":1,"id":"minecraft:charcoal","Count":3}]}
        },
        {
          "location_predicate": {
            "predicate_type": "minecraft:always_true"
          },
          "input_predicate": {
            "predicate_type": "minecraft:random_blockstate_match",
            "block_state": {
              "Name": "minecraft:furnace",
              "Properties": {
                "facing": "south",
                "lit": "false"
              }
            },
            "probability": 0.15
          },
          "output_state": {
            "Name": "minecraft:furnace",
            "Properties": {
              "facing": "south",
              "lit": "false"
            }
          },
          "output_nbt": {"Items":[{"Slot":1,"id":"minecraft:charcoal","Count":4}]}
        },
        {
          "location_predicate": {
            "predicate_type": "minecraft:always_true"
          },
          "input_predicate": {
            "predicate_type": "minecraft:random_blockstate_match",
            "block_state": {
              "Name": "minecraft:furnace",
              "Properties": {
                "facing": "south",
                "lit": "false"
              }
            },
            "probability": 0.05
          },
          "output_state": {
            "Name": "minecraft:furnace",
            "Properties": {
              "facing": "south",
              "lit": "false"
            }
          },
          "output_nbt": {"Items":[{"Slot":1,"id":"minecraft:charcoal","Count":5}]}
        },
        {
          "location_predicate": {
            "predicate_type": "minecraft:always_true"
          },
          "input_predicate": {
            "predicate_type": "minecraft:random_blockstate_match",
            "block_state": {
              "Name": "minecraft:smoker",
              "Properties": {
                "facing": "north",
                "lit": "false"
              }
            },
            "probability": 0.05
          },
          "output_state": {
            "Name": "minecraft:smoker",
            "Properties": {
              "facing": "north",
              "lit": "false"
            }
          },
          "output_nbt": {"Items":[{"Slot":2,"id":"minecraft:cooked_cod","Count":2}]}
        },
        {
          "location_predicate": {
            "predicate_type": "minecraft:always_true"
          },
          "input_predicate": {
            "predicate_type": "minecraft:random_blockstate_match",
            "block_state": {
              "Name": "minecraft:smoker",
              "Properties": {
                "facing": "north",
                "lit": "false"
              }
            },
            "probability": 0.05
          },
          "output_state": {
            "Name": "minecraft:smoker",
            "Properties": {
              "facing": "north",
              "lit": "false"
            }
          },
          "output_nbt": {"Items":[{"Slot":2,"id":"minecraft:cooked_steak","Count":1}]}
        },
        {
          "location_predicate": {
            "predicate_type": "minecraft:always_true"
          },
          "input_predicate": {
            "predicate_type": "minecraft:random_blockstate_match",
            "block_state": {
              "Name": "minecraft:smoker",
              "Properties": {
                "facing": "north",
                "lit": "false"
              }
            },
            "probability": 0.10
          },
          "output_state": {
            "Name": "minecraft:smoker",
            "Properties": {
              "facing": "north",
              "lit": "false"
            }
          },
          "output_nbt": {"Items":[{"Slot":1,"id":"minecraft:charcoal","Count":1}]}
        },
        {
          "location_predicate": {
            "predicate_type": "minecraft:always_true"
          },
          "input_predicate": {
            "predicate_type": "minecraft:random_blockstate_match",
            "block_state": {
              "Name": "minecraft:smoker",
              "Properties": {
                "facing": "north",
                "lit": "false"
              }
            },
            "probability": 0.25
          },
          "output_state": {
            "Name": "minecraft:smoker",
            "Properties": {
              "facing": "north",
              "lit": "false"
            }
          },
          "output_nbt": {"Items":[{"Slot":1,"id":"minecraft:charcoal","Count":2}]}
        },
        {
          "location_predicate": {
            "predicate_type": "minecraft:always_true"
          },
          "input_predicate": {
            "predicate_type": "minecraft:random_blockstate_match",
            "block_state": {
              "Name": "minecraft:smoker",
              "Properties": {
                "facing": "north",
                "lit": "false"
              }
            },
            "probability": 0.50
          },
          "output_state": {
            "Name": "minecraft:smoker",
            "Properties": {
              "facing": "north",
              "lit": "false"
            }
          },
          "output_nbt": {"Items":[{"Slot":1,"id":"minecraft:charcoal","Count":3}]}
        },
        {
          "location_predicate": {
            "predicate_type": "minecraft:always_true"
          },
          "input_predicate": {
            "predicate_type": "minecraft:random_blockstate_match",
            "block_state": {
              "Name": "minecraft:smoker",
              "Properties": {
                "facing": "north",
                "lit": "false"
              }
            },
            "probability": 0.15
          },
          "output_state": {
            "Name": "minecraft:smoker",
            "Properties": {
              "facing": "north",
              "lit": "false"
            }
          },
          "output_nbt": {"Items":[{"Slot":1,"id":"minecraft:charcoal","Count":4}]}
        },
        {
          "location_predicate": {
            "predicate_type": "minecraft:always_true"
          },
          "input_predicate": {
            "predicate_type": "minecraft:random_blockstate_match",
            "block_state": {
              "Name": "minecraft:smoker",
              "Properties": {
                "facing": "north",
                "lit": "false"
              }
            },
            "probability": 0.05
          },
          "output_state": {
            "Name": "minecraft:smoker",
            "Properties": {
              "facing": "north",
              "lit": "false"
            }
          },
          "output_nbt": {"Items":[{"Slot":1,"id":"minecraft:charcoal","Count":5}]}
        },
        {
          "input_predicate": {
            "predicate_type": "minecraft:random_block_match",
            "block": "minecraft:red_candle",
            "probability": 0.10
          },
          "location_predicate": {
            "predicate_type": "minecraft:always_true"
          },
          "output_state": {
            "Name": "minecraft:air"
          }
		},
        {
          "location_predicate": {
            "predicate_type": "minecraft:always_true"
          },
          "input_predicate": {
            "predicate_type": "minecraft:random_block_match",
            "block": "minecraft:red_candle",
            "probability": 0.25
          },
          "output_state": {
            "Name": "minecraft:red_candle",
            "Properties": {
              "candles": "2"
            }
          }
        },
        {
          "location_predicate": {
            "predicate_type": "minecraft:always_true"
          },
          "input_predicate": {
            "predicate_type": "minecraft:random_block_match",
            "block": "minecraft:red_candle",
            "probability": 0.50
          },
          "output_state": {
            "Name": "minecraft:red_candle",
            "Properties": {
              "candles": "3"
            }
          }
        },
        {
          "location_predicate": {
            "predicate_type": "minecraft:always_true"
          },
          "input_predicate": {
            "predicate_type": "minecraft:random_block_match",
            "block": "minecraft:red_candle",
            "probability": 0.05
          },
          "output_state": {
            "Name": "minecraft:red_candle",
            "Properties": {
              "candles": "4"
            }
          }
        },
        {
          "input_predicate": {
            "predicate_type": "minecraft:random_block_match",
            "block": "minecraft:candle",
            "probability": 0.10
          },
          "location_predicate": {
            "predicate_type": "minecraft:always_true"
          },
          "output_state": {
            "Name": "minecraft:air"
          }
		},
        {
          "location_predicate": {
            "predicate_type": "minecraft:always_true"
          },
          "input_predicate": {
            "predicate_type": "minecraft:random_block_match",
            "block": "minecraft:candle",
            "probability": 0.25
          },
          "output_state": {
            "Name": "minecraft:candle",
            "Properties": {
              "candles": "2"
            }
          }
        },
        {
          "location_predicate": {
            "predicate_type": "minecraft:always_true"
          },
          "input_predicate": {
            "predicate_type": "minecraft:random_block_match",
            "block": "minecraft:candle",
            "probability": 0.50
          },
          "output_state": {
            "Name": "minecraft:candle",
            "Properties": {
              "candles": "3"
            }
          }
        },
        {
          "location_predicate": {
            "predicate_type": "minecraft:always_true"
          },
          "input_predicate": {
            "predicate_type": "minecraft:random_block_match",
            "block": "minecraft:candle",
            "probability": 0.05
          },
          "output_state": {
            "Name": "minecraft:candle",
            "Properties": {
              "candles": "4"
            }
          }
        },
        {
          "input_predicate": {
            "predicate_type": "minecraft:random_block_match",
            "block": "minecraft:air",
            "probability": 1.0
          },
          "location_predicate": {
            "block": "minecraft:water",
            "predicate_type": "minecraft:block_match"
          },
          "output_state": {
            "Name": "minecraft:water"
          }
		}
      ]
    }
  ]
}