{
  "processors": [
    {
      "processor_type": "minecraft:rule",
      "rules": [
        {
          "location_predicate": {
            "predicate_type": "minecraft:always_true"
          },
          "input_predicate": {
            "predicate_type": "minecraft:random_block_match",
            "block": "minecraft:end_portal_frame",
            "probability": 0.25
          },
          "output_state": {
            "Name": "minecraft:spawner"
          },
          "output_nbt": {"SpawnData":{"entity":{"id":"minecraft:skeleton"}}}
        },
        {
          "location_predicate": {
            "predicate_type": "minecraft:always_true"
          },
          "input_predicate": {
            "predicate_type": "minecraft:random_block_match",
            "block": "minecraft:end_portal_frame",
            "probability": 0.75
          },
          "output_state": {
            "Name": "minecraft:spawner"
          },
          "output_nbt": {"SpawnData":{"entity":{"id":"minecraft:zombie"}}}
        },
        {
          "location_predicate": {
            "predicate_type": "minecraft:always_true"
          },
          "input_predicate": {
            "predicate_type": "minecraft:random_block_match",
            "block": "minecraft:end_portal_frame",
            "probability": 1.0
          },
          "output_state": {
            "Name": "minecraft:spawner"
          },
          "output_nbt": {"SpawnData":{"entity":{"id":"minecraft:silverfish"}}}
        },
        {
          "location_predicate": {
            "predicate_type": "minecraft:always_true"
          },
          "input_predicate": {
            "predicate_type": "minecraft:random_block_match",
            "block": "minecraft:honey_block",
            "probability": 0.25
          },
          "output_state": {
            "Name": "minecraft:spawner"
          },
          "output_nbt": {"SpawnData":{"entity":{"id":"minecraft:creeper"}}}
        },
        {
          "location_predicate": {
            "predicate_type": "minecraft:always_true"
          },
          "input_predicate": {
            "predicate_type": "minecraft:random_block_match",
            "block": "minecraft:honey_block",
            "probability": 0.75
          },
          "output_state": {
            "Name": "minecraft:spawner"
          },
          "output_nbt": {"SpawnData":{"entity":{"id":"minecraft:witch"}}}
        },
        {
          "location_predicate": {
            "predicate_type": "minecraft:always_true"
          },
          "input_predicate": {
            "predicate_type": "minecraft:random_block_match",
            "block": "minecraft:honey_block",
            "probability": 1.0
          },
          "output_state": {
            "Name": "minecraft:spawner"
          },
          "output_nbt": {"SpawnData":{"entity":{"id":"minecraft:stray"}}}
        },
        {
          "location_predicate": {
            "predicate_type": "minecraft:always_true"
          },
          "input_predicate": {
            "predicate_type": "minecraft:random_block_match",
            "block": "minecraft:polished_andesite",
            "probability": 0.25
          },
          "output_state": {
            "Name": "minecraft:andesite"
          }
        },
        {
          "location_predicate": {
            "predicate_type": "minecraft:always_true"
          },
          "input_predicate": {
            "predicate_type": "minecraft:random_block_match",
            "block": "minecraft:andesite",
            "probability": 0.20
          },
          "output_state": {
            "Name": "minecraft:gravel"
          }
        },
        {
          "location_predicate": {
            "predicate_type": "minecraft:always_true"
          },
          "input_predicate": {
            "predicate_type": "minecraft:random_block_match",
            "block": "minecraft:gold_ore",
            "probability": 0.05
          },
          "output_state": {
            "Name": "minecraft:emerald_block"
          }
        },
        {
          "location_predicate": {
            "predicate_type": "minecraft:always_true"
          },
          "input_predicate": {
            "predicate_type": "minecraft:random_block_match",
            "block": "minecraft:gold_ore",
            "probability": 0.05
          },
          "output_state": {
            "Name": "minecraft:diamond_ore"
          }
        },
        {
          "location_predicate": {
            "predicate_type": "minecraft:always_true"
          },
          "input_predicate": {
            "predicate_type": "minecraft:random_block_match",
            "block": "minecraft:gold_ore",
            "probability": 0.08
          },
          "output_state": {
            "Name": "minecraft:iron_block"
          }
        },
        {
          "location_predicate": {
            "predicate_type": "minecraft:always_true"
          },
          "input_predicate": {
            "predicate_type": "minecraft:random_block_match",
            "block": "minecraft:gold_ore",
            "probability": 0.15
          },
          "output_state": {
            "Name": "minecraft:gold_block"
          }
        },
        {
          "location_predicate": {
            "predicate_type": "minecraft:always_true"
          },
          "input_predicate": {
            "predicate_type": "minecraft:random_block_match",
            "block": "minecraft:gold_ore",
            "probability": 0.25
          },
          "output_state": {
            "Name": "minecraft:emerald_ore"
          }
        },
        {
          "location_predicate": {
            "predicate_type": "minecraft:always_true"
          },
          "input_predicate": {
            "predicate_type": "minecraft:random_block_match",
            "block": "minecraft:anvil",
            "probability": 0.25
          },
          "output_state": {
            "Name": "minecraft:air"
          }
        },
        {
          "location_predicate": {
            "predicate_type": "minecraft:always_true"
          },
          "input_predicate": {
            "predicate_type": "minecraft:random_block_match",
            "block": "minecraft:anvil",
            "probability": 0.75
          },
          "output_state": {
            "Name": "minecraft:damaged_anvil",
            "Properties": {
              "facing": "east"
            }
          }
        },
        {
          "location_predicate": {
            "predicate_type": "minecraft:always_true"
          },
          "input_predicate": {
            "predicate_type": "minecraft:random_block_match",
            "block": "minecraft:anvil",
            "probability": 0.50
          },
          "output_state": {
            "Name": "minecraft:chipped_anvil",
            "Properties": {
              "facing": "east"
            }
          }
        },
        {
          "location_predicate": {
            "predicate_type": "minecraft:always_true"
          },
          "input_predicate": {
            "predicate_type": "minecraft:random_block_match",
            "block": "minecraft:green_banner",
            "probability": 0.30
          },
          "output_state": {
            "Name": "minecraft:air"
          }
        }
      ]
    }
  ]
}
