{
  "processors": [
    {
      "processor_type": "minecraft:rule",
      "rules": [
        {
          "location_predicate": {
            "predicate_type": "minecraft:always_true"
          },
          "input_predicate": {
            "predicate_type": "minecraft:random_block_match",
            "block": "minecraft:stone",
            "probability": 0.1
          },
          "output_state": {
            "Name": "minecraft:coal_ore"
          }
        },
        {
          "location_predicate": {
            "predicate_type": "minecraft:always_true"
          },
          "input_predicate": {
            "predicate_type": "minecraft:random_block_match",
            "block": "minecraft:stone",
            "probability": 0.2
          },
          "output_state": {
            "Name": "minecraft:infested_stone"
          }
        },
        {
          "location_predicate": {
            "predicate_type": "minecraft:always_true"
          },
          "input_predicate": {
            "predicate_type": "minecraft:random_block_match",
            "block": "minecraft:stone_bricks",
            "probability": 0.1
          },
          "output_state": {
            "Name": "minecraft:cracked_stone_bricks"
          }
        },
        {
          "location_predicate": {
            "predicate_type": "minecraft:always_true"
          },
          "input_predicate": {
            "predicate_type": "minecraft:random_block_match",
            "block": "minecraft:stone_bricks",
            "probability": 0.15
          },
          "output_state": {
            "Name": "minecraft:infested_stone_bricks"
          }
        },
        {
          "location_predicate": {
            "predicate_type": "minecraft:always_true"
          },
          "input_predicate": {
            "predicate_type": "minecraft:random_block_match",
            "block": "minecraft:cracked_stone_bricks",
            "probability": 0.15
          },
          "output_state": {
            "Name": "minecraft:infested_cracked_stone_bricks"
          }
        },
        {
          "location_predicate": {
            "predicate_type": "minecraft:always_true"
          },
          "input_predicate": {
            "predicate_type": "minecraft:random_block_match",
            "block": "minecraft:dried_kelp_block",
            "probability": 0.5
          },
          "output_state": {
            "Name": "minecraft:air"
          }
        },
        {
          "location_predicate": {
            "predicate_type": "minecraft:always_true"
          },
          "input_predicate": {
            "predicate_type": "minecraft:random_block_match",
            "block": "minecraft:sponge",
            "probability": 0.25
          },
          "output_state": {
            "Name": "minecraft:dead_brain_coral_block"
          }
        }
      ]
    }
  ]
}
