{
  "processors": [
    {
      "processor_type": "minecraft:rule",
      "rules": [
        {
          "location_predicate": {
            "predicate_type": "minecraft:always_true"
          },
          "input_predicate": {
            "predicate_type": "minecraft:random_blockstate_match",
            "block_state": {
              "Name": "minecraft:furnace",
              "Properties": {
                "facing": "west"
              }
            },
            "probability": 0.05
          },
          "output_state": {
            "Name": "minecraft:furnace",
            "Properties": {
              "facing": "west"
            }
          },
          "output_nbt": {"Items":[{"Slot":2,"id":"minecraft:cooked_salmon","Count":2}]}
        },
        {
          "location_predicate": {
            "predicate_type": "minecraft:always_true"
          },
          "input_predicate": {
            "predicate_type": "minecraft:random_blockstate_match",
            "block_state": {
              "Name": "minecraft:furnace",
              "Properties": {
                "facing": "west"
              }
            },
            "probability": 0.05
          },
          "output_state": {
            "Name": "minecraft:furnace",
            "Properties": {
              "facing": "west"
            }
          },
          "output_nbt": {"Items":[{"Slot":2,"id":"minecraft:cooked_chicken","Count":1}]}
        },
        {
          "location_predicate": {
            "predicate_type": "minecraft:always_true"
          },
          "input_predicate": {
            "predicate_type": "minecraft:random_blockstate_match",
            "block_state": {
              "Name": "minecraft:furnace",
              "Properties": {
                "facing": "west"
              }
            },
            "probability": 0.10
          },
          "output_state": {
            "Name": "minecraft:furnace",
            "Properties": {
              "facing": "west"
            }
          },
          "output_nbt": {"Items":[{"Slot":1,"id":"minecraft:charcoal","Count":1}]}
        },
        {
          "location_predicate": {
            "predicate_type": "minecraft:always_true"
          },
          "input_predicate": {
            "predicate_type": "minecraft:random_blockstate_match",
            "block_state": {
              "Name": "minecraft:furnace",
              "Properties": {
                "facing": "west"
              }
            },
            "probability": 0.25
          },
          "output_state": {
            "Name": "minecraft:furnace",
            "Properties": {
              "facing": "west"
            }
          },
          "output_nbt": {"Items":[{"Slot":1,"id":"minecraft:charcoal","Count":2}]}
        },
        {
          "location_predicate": {
            "predicate_type": "minecraft:always_true"
          },
          "input_predicate": {
            "predicate_type": "minecraft:random_blockstate_match",
            "block_state": {
              "Name": "minecraft:furnace",
              "Properties": {
                "facing": "west"
              }
            },
            "probability": 0.50
          },
          "output_state": {
            "Name": "minecraft:furnace",
            "Properties": {
              "facing": "west"
            }
          },
          "output_nbt": {"Items":[{"Slot":1,"id":"minecraft:charcoal","Count":3}]}
        },
        {
          "location_predicate": {
            "predicate_type": "minecraft:always_true"
          },
          "input_predicate": {
            "predicate_type": "minecraft:random_blockstate_match",
            "block_state": {
              "Name": "minecraft:furnace",
              "Properties": {
                "facing": "west"
              }
            },
            "probability": 0.15
          },
          "output_state": {
            "Name": "minecraft:furnace",
            "Properties": {
              "facing": "west"
            }
          },
          "output_nbt": {"Items":[{"Slot":1,"id":"minecraft:charcoal","Count":4}]}
        },
        {
          "location_predicate": {
            "predicate_type": "minecraft:always_true"
          },
          "input_predicate": {
            "predicate_type": "minecraft:random_blockstate_match",
            "block_state": {
              "Name": "minecraft:furnace",
              "Properties": {
                "facing": "west"
              }
            },
            "probability": 0.05
          },
          "output_state": {
            "Name": "minecraft:furnace",
            "Properties": {
              "facing": "west"
            }
          },
          "output_nbt": {"Items":[{"Slot":1,"id":"minecraft:charcoal","Count":5}]}
        }
      ]
    }
  ]
}