{
  "processors": [
    {
      "processor_type": "minecraft:rule",
      "rules": [
        {
          "input_predicate": {
            "predicate_type": "minecraft:random_block_match",
            "block": "minecraft:glowstone",
            "probability": 0.50
          },
          "location_predicate": {
            "predicate_type": "minecraft:always_true"
          },
          "output_state": {
            "Name": "minecraft:bell",
            "Properties": {
              "attachment": "floor",
              "facing": "south",
              "powered": "false"
            }
          }
		},
        {
          "input_predicate": {
            "predicate_type": "minecraft:random_block_match",
            "block": "minecraft:glowstone",
            "probability": 1.0
          },
          "location_predicate": {
            "predicate_type": "minecraft:always_true"
          },
          "output_state": {
            "Name": "minecraft:air"
          }
		},
        {
          "input_predicate": {
            "predicate_type": "minecraft:random_block_match",
            "block": "minecraft:flower_pot",
            "probability": 0.80
          },
          "location_predicate": {
            "predicate_type": "minecraft:always_true"
          },
          "output_state": {
            "Name": "minecraft:air"
          }
		},
        {
          "input_predicate": {
            "predicate_type": "minecraft:random_block_match",
            "block": "minecraft:flower_pot",
            "probability": 0.30
          },
          "location_predicate": {
            "predicate_type": "minecraft:always_true"
          },
          "output_state": {
            "Name": "minecraft:potted_dandelion"
          }
		},
        {
          "input_predicate": {
            "predicate_type": "minecraft:random_block_match",
            "block": "minecraft:flower_pot",
            "probability": 0.30
          },
          "location_predicate": {
            "predicate_type": "minecraft:always_true"
          },
          "output_state": {
            "Name": "minecraft:potted_poppy"
          }
		},
        {
          "input_predicate": {
            "predicate_type": "minecraft:random_block_match",
            "block": "minecraft:flower_pot",
            "probability": 0.15
          },
          "location_predicate": {
            "predicate_type": "minecraft:always_true"
          },
          "output_state": {
            "Name": "minecraft:potted_red_tulip"
          }
		},
        {
          "input_predicate": {
            "predicate_type": "minecraft:random_block_match",
            "block": "minecraft:flower_pot",
            "probability": 0.15
          },
          "location_predicate": {
            "predicate_type": "minecraft:always_true"
          },
          "output_state": {
            "Name": "minecraft:potted_orange_tulip"
          }
		},
        {
          "input_predicate": {
            "predicate_type": "minecraft:random_block_match",
            "block": "minecraft:flower_pot",
            "probability": 0.15
          },
          "location_predicate": {
            "predicate_type": "minecraft:always_true"
          },
          "output_state": {
            "Name": "minecraft:potted_white_tulip"
          }
		},
        {
          "input_predicate": {
            "predicate_type": "minecraft:random_block_match",
            "block": "minecraft:flower_pot",
            "probability": 0.15
          },
          "location_predicate": {
            "predicate_type": "minecraft:always_true"
          },
          "output_state": {
            "Name": "minecraft:potted_pink_tulip"
          }
		},
        {
          "input_predicate": {
            "predicate_type": "minecraft:random_block_match",
            "block": "minecraft:flower_pot",
            "probability": 0.10
          },
          "location_predicate": {
            "predicate_type": "minecraft:always_true"
          },
          "output_state": {
            "Name": "minecraft:potted_oxeye_daisy"
          }
		},
        {
          "input_predicate": {
            "predicate_type": "minecraft:random_block_match",
            "block": "minecraft:flower_pot",
            "probability": 0.06
          },
          "location_predicate": {
            "predicate_type": "minecraft:always_true"
          },
          "output_state": {
            "Name": "minecraft:potted_lily_of_the_valley"
          }
		}
      ]
    }
  ]
}