{
  "processors": [
    {
      "processor_type": "minecraft:rule",
      "rules": [
        {
          "location_predicate": {
            "predicate_type": "minecraft:always_true"
          },
          "input_predicate": {
            "predicate_type": "minecraft:random_block_match",
            "block": "minecraft:cobweb",
            "probability": 0.15
          },
          "output_state": {
            "Name": "minecraft:air"
          }
        },
        {
          "location_predicate": {
            "predicate_type": "minecraft:always_true"
          },
          "input_predicate": {
            "predicate_type": "minecraft:random_block_match",
            "block": "minecraft:packed_mud",
            "probability": 0.15
          },
          "output_state": {
            "Name": "minecraft:mud_bricks"
          }
        },
        {
          "location_predicate": {
            "predicate_type": "minecraft:always_true"
          },
          "input_predicate": {
            "predicate_type": "minecraft:random_block_match",
            "block": "minecraft:mud_bricks",
            "probability": 0.15
          },
          "output_state": {
            "Name": "minecraft:packed_mud"
          }
        },
        {
          "location_predicate": {
            "predicate_type": "minecraft:always_true"
          },
          "input_predicate": {
            "predicate_type": "minecraft:random_block_match",
            "block": "minecraft:honey_block",
            "probability": 0.4
          },
          "output_state": {
            "Name": "minecraft:spawner"
          },
          "output_nbt": {"SpawnData":{"entity":{"id":"minecraft:cave_spider"}}}
        },
        {
          "location_predicate": {
            "predicate_type": "minecraft:always_true"
          },
          "input_predicate": {
            "predicate_type": "minecraft:random_block_match",
            "block": "minecraft:honey_block",
            "probability": 1.0
          },
          "output_state": {
            "Name": "minecraft:spawner"
          },
          "output_nbt": {"SpawnData":{"entity":{"id":"minecraft:spider"}}}
        },
        {
          "location_predicate": {
            "predicate_type": "minecraft:always_true"
          },
          "input_predicate": {
            "predicate_type": "minecraft:random_block_match",
            "block": "minecraft:brewing_stand",
            "probability": 1.0
          },
          "output_state": {
            "Name": "minecraft:brewing_stand"
          },
          "output_nbt": {"Fuel":3.0}
        },
        {
          "location_predicate": {
            "predicate_type": "minecraft:always_true"
          },
          "input_predicate": {
            "predicate_type": "minecraft:random_block_match",
            "block": "minecraft:brewing_stand",
            "probability": 0.35
          },
          "output_state": {
            "Name": "minecraft:brewing_stand"
          },
          "output_nbt": {"Fuel":8.0}
        },
        {
          "location_predicate": {
            "predicate_type": "minecraft:always_true"
          },
          "input_predicate": {
            "predicate_type": "minecraft:random_block_match",
            "block": "minecraft:sponge",
            "probability": 1.0
          },
          "output_state": {
            "Name": "minecraft:brewing_stand"
          }
        },
        {
          "input_predicate": {
            "predicate_type": "minecraft:random_block_match",
            "block": "minecraft:candle",
            "probability": 0.10
          },
          "location_predicate": {
            "predicate_type": "minecraft:always_true"
          },
          "output_state": {
            "Name": "minecraft:air"
          }
		}
      ]
    }
  ]
}
