{
  "processors": [
    {
      "processor_type": "minecraft:rule",
      "rules": [
        {
          "location_predicate": {
            "predicate_type": "minecraft:always_true"
          },
          "input_predicate": {
            "predicate_type": "minecraft:random_block_match",
            "block": "minecraft:sweet_berry_bush",
            "probability": 0.70
          },
          "output_state": {
            "Name": "minecraft:air"
          }
        },
        {
          "location_predicate": {
            "predicate_type": "minecraft:always_true"
          },
          "input_predicate": {
            "predicate_type": "minecraft:random_blockstate_match",
            "block_state": {
              "Name": "minecraft:sweet_berry_bush",
              "Properties": {
                "age": "0"
              }
            },
            "probability": 0.25
          },
          "output_state": {
            "Name": "minecraft:sweet_berry_bush",
            "Properties": {
              "age": "1"
            }
          }
        },
        {
          "location_predicate": {
            "predicate_type": "minecraft:always_true"
          },
          "input_predicate": {
            "predicate_type": "minecraft:random_blockstate_match",
            "block_state": {
              "Name": "minecraft:sweet_berry_bush",
              "Properties": {
                "age": "0"
              }
            },
            "probability": 0.15
          },
          "output_state": {
            "Name": "minecraft:sweet_berry_bush",
            "Properties": {
              "age": "2"
            }
          }
        },
        {
          "location_predicate": {
            "predicate_type": "minecraft:always_true"
          },
          "input_predicate": {
            "predicate_type": "minecraft:random_blockstate_match",
            "block_state": {
              "Name": "minecraft:sweet_berry_bush",
              "Properties": {
                "age": "0"
              }
            },
            "probability": 0.05
          },
          "output_state": {
            "Name": "minecraft:sweet_berry_bush",
            "Properties": {
              "age": "3"
            }
          }
        }
      ]
    }
  ]
}
