{
  "processors": [
    {
      "processor_type": "minecraft:rule",
      "rules": [
        {
          "location_predicate": {
            "predicate_type": "minecraft:always_true"
          },
          "input_predicate": {
            "predicate_type": "minecraft:random_block_match",
            "block": "minecraft:wheat",
            "probability": 0.15
          },
          "output_state": {
            "Name": "minecraft:wheat",
            "Properties": {
              "age": "6"
            }
          }
        },
        {
          "input_predicate": {
            "predicate_type": "minecraft:random_block_match",
            "block": "minecraft:wheat",
            "probability": 0.75
          },
          "location_predicate": {
            "predicate_type": "minecraft:always_true"
          },
          "output_state": {
            "Name": "minecraft:air"
          }
		},
        {
          "location_predicate": {
            "predicate_type": "minecraft:always_true"
          },
          "input_predicate": {
            "predicate_type": "minecraft:random_block_match",
            "block": "minecraft:wheat",
            "probability": 0.01
          },
          "output_state": {
            "Name": "minecraft:barrel"
          },
          "output_nbt": {"LootTable":"wabi_sabi_structures:chests/wheat_patch/wheat_patch"}
        },
        {
          "input_predicate": {
            "predicate_type": "minecraft:random_block_match",
            "block": "minecraft:grass_block",
            "probability": 0.80
          },
          "location_predicate": {
            "block": "minecraft:water",
            "predicate_type": "minecraft:block_match"
          },
          "output_state": {
            "Name": "minecraft:mud"
          }
		}
      ]
    }
  ]
}
