{
  "type": "minecraft:chest",
  "pools": [
    {
      "rolls": {
        "type": "minecraft:uniform",
        "min": 2,
        "max": 5
      },
      "entries": [
        {
          "type": "minecraft:item",
          "weight": 10,
          "name": "minecraft:ice",
          "functions": [
            {
              "function": "minecraft:set_count",
              "count": {
                "type": "minecraft:uniform",
                "min": 1,
                "max": 4
              },
              "add": false
            }
          ]
        },
        {
          "type": "minecraft:item",
          "weight": 5,
          "name": "minecraft:packed_ice",
          "functions": [
            {
              "function": "minecraft:set_count",
              "count": {
                "type": "minecraft:uniform",
                "min": 1,
                "max": 3
              },
              "add": false
            }
          ]
        },
        {
          "type": "minecraft:item",
          "weight": 15,
          "name": "minecraft:snowball",
          "functions": [
            {
              "function": "minecraft:set_count",
              "count": {
                "type": "minecraft:uniform",
                "min": 1,
                "max": 4
              },
              "add": false
            }
          ]
        }
      ]
    },
    {
      "rolls": {
        "type": "minecraft:uniform",
        "min": 1,
        "max": 3
      },
      "entries": [
        {
          "type": "minecraft:item",
          "weight": 8,
          "name": "minecraft:redstone",
          "functions": [
            {
              "function": "minecraft:set_count",
              "count": {
                "type": "minecraft:uniform",
                "min": 1,
                "max": 5
              },
              "add": false
            }
          ]
        },
        {
          "type": "minecraft:item",
          "weight": 5,
          "name": "minecraft:redstone_torch",
          "functions": [
            {
              "function": "minecraft:set_count",
              "count": {
                "type": "minecraft:uniform",
                "min": 1,
                "max": 2
              },
              "add": false
            }
          ]
        },
        {
          "type": "minecraft:item",
          "weight": 3,
          "name": "minecraft:repeater"
        },
        {
          "type": "minecraft:item",
          "weight": 1,
          "name": "minecraft:redstone_block"
        }
      ]
    },
    {
      "rolls": {
        "type": "minecraft:uniform",
        "min": 2,
        "max": 3
      },
      "entries": [
        {
          "type": "minecraft:item",
          "weight": 4,
          "name": "minecraft:mutton"
        },
        {
          "type": "minecraft:item",
          "weight": 3,
          "name": "minecraft:bone"
        },
        {
          "type": "minecraft:item",
          "weight": 3,
          "name": "minecraft:amethyst_shard"
        }
      ]
    },
    {
      "rolls": 1,
      "entries": [
        {
          "type": "minecraft:empty",
          "weight": 84
        },
        {
          "type": "minecraft:item",
          "weight": 16,
          "name": "minecraft:enchanted_book",
          "functions": [
            {
              "function": "minecraft:set_enchantments",
              "enchantments": {
                "minecraft:frost_walker": {
                  "type": "minecraft:uniform",
                  "min": 1,
                  "max": 2
                }
              }
            }
          ]
        }
      ]
    },
    {
      "rolls": 1,
      "entries": [
        {
          "type": "minecraft:empty",
          "weight": 66
        },
        {
          "type": "minecraft:item",
          "weight": 12,
          "name": "minecraft:bucket"
        },
        {
          "type": "minecraft:item",
          "weight": 11,
          "name": "minecraft:powder_snow_bucket"
        },
        {
          "type": "minecraft:item",
          "weight": 11,
          "name": "minecraft:milk_bucket"
        }
      ]
    }
  ]
}
