{
	"name": "ctov:village/mesa/house",
	"fallback": "ctov:village/mesa/deco",
	"elements": [
		{
			"weight": 5,
			"element": {
				"element_type": "minecraft:single_pool_element",
				"projection": "rigid",
				"location": "ctov:village/mesa/house/small_1",
				"processors": "ctov:detailing/mesa/house"
			}
		},
		{
			"weight": 5,
			"element": {
				"element_type": "minecraft:single_pool_element",
				"projection": "rigid",
				"location": "ctov:village/mesa/house/small_2",
				"processors": "ctov:detailing/mesa/house"
			}
		},
		{
			"weight": 5,
			"element": {
				"element_type": "minecraft:single_pool_element",
				"projection": "rigid",
				"location": "ctov:village/mesa/house/small_3",
				"processors": "ctov:detailing/mesa/house"
			}
		},
		{
			"weight": 5,
			"element": {
				"element_type": "minecraft:single_pool_element",
				"projection": "rigid",
				"location": "ctov:village/mesa/house/small_4",
				"processors": "ctov:detailing/mesa/house"
			}
		},
		{
			"weight": 5,
			"element": {
				"element_type": "minecraft:single_pool_element",
				"projection": "rigid",
				"location": "ctov:village/mesa/house/big_1",
				"processors": "ctov:detailing/mesa/house"
			}
		},
		{
			"weight": 5,
			"element": {
				"element_type": "minecraft:single_pool_element",
				"projection": "rigid",
				"location": "ctov:village/mesa/jobsite/animal_shop",
				"processors": "ctov:detailing/mesa/house"
			}
		},
		{
			"weight": 5,
			"element": {
				"element_type": "minecraft:single_pool_element",
				"projection": "rigid",
				"location": "ctov:village/mesa/jobsite/cartographer",
				"processors": "ctov:detailing/mesa/house"
			}
		},
		{
			"weight": 5,
			"element": {
				"element_type": "minecraft:single_pool_element",
				"projection": "rigid",
				"location": "ctov:village/mesa/jobsite/church",
				"processors": "ctov:detailing/mesa/house"
			}
		},
		{
			"weight": 5,
			"element": {
				"element_type": "minecraft:single_pool_element",
				"projection": "rigid",
				"location": "ctov:village/mesa/jobsite/fishing_hut",
				"processors": "ctov:detailing/mesa/house"
			}
		},
		{
			"weight": 5,
			"element": {
				"element_type": "minecraft:single_pool_element",
				"projection": "rigid",
				"location": "ctov:village/mesa/jobsite/mason",
				"processors": "ctov:detailing/mesa/house"
			}
		},
		{
			"weight": 2,
			"element": {
				"element_type": "minecraft:single_pool_element",
				"projection": "rigid",
				"location": "ctov:village/mesa/jobsite/pen",
				"processors": "ctov:detailing/mesa/house"
			}
		},
		{
			"weight": 5,
			"element": {
				"element_type": "minecraft:single_pool_element",
				"projection": "rigid",
				"processors": "ctov:farm/mesa",
				"location": "ctov:village/mesa/jobsite/farm"
			}
		},
		{
			"weight": 5,
			"element": {
				"element_type": "minecraft:single_pool_element",
				"projection": "rigid",
				"processors": "ctov:farm/mesa",
				"location": "ctov:village/mesa/jobsite/fd_farm"
			}
		},
		{
			"weight": 5,
			"element": {
				"element_type": "minecraft:single_pool_element",
				"projection": "rigid",
				"location": "ctov:village/mesa/jobsite/smith",
				"processors": "ctov:detailing/mesa/house"
			}
		},
		{
			"weight": 5,
			"element": {
				"element_type": "minecraft:single_pool_element",
				"projection": "rigid",
				"location": "ctov:village/mesa/jobsite/engineer",
				"processors": "ctov:detailing/mesa/house"
			}
		},
		{
			"weight": 5,
			"element": {
				"element_type": "minecraft:single_pool_element",
				"projection": "rigid",
				"location": "ctov:village/mesa/jobsite/garden",
				"processors": "ctov:detailing/mesa/house"
			}
		},
		{
			"weight": 5,
			"element": {
				"element_type": "minecraft:single_pool_element",
				"projection": "rigid",
				"location": "ctov:village/mesa/jobsite/oceanographer",
				"processors": "ctov:detailing/mesa/house"
			}
		},
		{
			"weight": 5,
			"element": {
				"element_type": "minecraft:single_pool_element",
				"projection": "rigid",
				"location": "ctov:village/mesa/jobsite/woodworker",
				"processors": "ctov:detailing/mesa/house"
			}
		}
	]
}