{
	"name": "ctov:pillager_outpost/desert/deco",
	"fallback": "ctov:pillager_outpost/common/mobs",
	"elements": [
		{
			"weight": 10,
			"element": {
				"element_type": "minecraft:single_pool_element",
				"projection": "rigid",
				"location": "ctov:pillager_outpost/desert/deco/cage",
				"processors": "minecraft:empty"
			}
		},
		{
			"weight": 10,
			"element": {
				"element_type": "minecraft:single_pool_element",
				"projection": "rigid",
				"location": "ctov:pillager_outpost/desert/deco/campfire",
				"processors": "minecraft:empty"
			}
		},
		{
			"weight": 10,
			"element": {
				"element_type": "minecraft:single_pool_element",
				"projection": "rigid",
				"location": "ctov:pillager_outpost/desert/deco/golem_cage",
				"processors": "minecraft:empty"
			}
		},
		{
			"weight": 10,
			"element": {
				"element_type": "minecraft:single_pool_element",
				"projection": "rigid",
				"location": "ctov:pillager_outpost/desert/deco/kitchen",
				"processors": "minecraft:empty"
			}
		},
		{
			"weight": 10,
			"element": {
				"element_type": "minecraft:single_pool_element",
				"projection": "rigid",
				"location": "ctov:pillager_outpost/desert/deco/ravager_pen",
				"processors": "minecraft:empty"
			}
		},
		{
			"weight": 10,
			"element": {
				"element_type": "minecraft:single_pool_element",
				"projection": "rigid",
				"location": "ctov:pillager_outpost/desert/deco/smith",
				"processors": "minecraft:empty"
			}
		},
		{
			"weight": 10,
			"element": {
				"element_type": "minecraft:single_pool_element",
				"projection": "rigid",
				"location": "ctov:pillager_outpost/desert/deco/target",
				"processors": "minecraft:empty"
			}
		},
		{
			"weight": 10,
			"element": {
				"element_type": "minecraft:single_pool_element",
				"projection": "rigid",
				"location": "ctov:pillager_outpost/desert/deco/oasis",
				"processors": "minecraft:empty"
			}
		},
		{
			"weight": 10,
			"element": {
				"element_type": "minecraft:single_pool_element",
				"projection": "rigid",
				"location": "ctov:pillager_outpost/desert/deco/wagon",
				"processors": "minecraft:empty"
			}
		},
		{
			"weight": 10,
			"element": {
				"element_type": "minecraft:single_pool_element",
				"projection": "rigid",
				"location": "ctov:pillager_outpost/desert/deco/villager_cage",
				"processors": "minecraft:empty"
			}
		},
		{
			"weight": 10,
			"element": {
				"element_type": "minecraft:single_pool_element",
				"projection": "rigid",
				"location": "ctov:pillager_outpost/desert/deco/well",
				"processors": "minecraft:empty"
			}
		},
		{
			"weight": 10,
			"element": {
				"element_type": "minecraft:single_pool_element",
				"projection": "rigid",
				"location": "ctov:pillager_outpost/desert/deco/allay_cage",
				"processors": "minecraft:empty"
			}
		}
	]
}