{
  "replace": false,
  "values": [
    "minecraft:dark_forest",
	{
		"id": "traverse:autumnal_woods",
		"required": false
	},
	{
		"id": "traverse:woodlands",
		"required": false
	},
	{
		"id": "terrestria:dense_woodlands",
		"required": false
	},
	{
		"id": "terrestria:japanese_maple_forest",
		"required": false
	},
	{
		"id": "terralith:haze_mountain",
		"required": false
	},
	{
		"id": "terralith:shrubland",
		"required": false
	},
	{
		"id": "terralith:snowy_maple_forest",
		"required": false
	},
	{
		"id": "graveyard_biomes:deep_dark_forest",
		"required": false
	},
	{
		"id": "graveyard_biomes:eroded_haunted_forest",
		"required": false
	},
	{
		"id": "graveyard_biomes:haunted_lakes",
		"required": false
	}
  ]
}
