{
  "replace": false,
  "values": [
    "minecraft:sparse_jungle",
	{
		"id": "traverse:lush_swamp",
		"required": false
	},
	{
		"id": "terrestria:rainbow_rainforest",
		"required": false
	},
	{
		"id": "terrestria:sakura_forest",
		"required": false
	},
	{
		"id": "terralith:bryce_canyon",
		"required": false
	},
	{
		"id": "terralith:hot_shrubland",
		"required": false
	},
	{
		"id": "graveyard_biomes:haunted_forest",
		"required": false
	},
	{
		"id": "graveyard_biomes:eroded_haunted_forest",
		"required": false
	}
  ]
}
