{
  "replace": false,
  "values": [
    "minecraft:taiga",
    "minecraft:snowy_taiga",
	{
		"id": "traverse:coniferous_forest",
		"required": false
	},
	{
		"id": "terrestria:hemlock_treeline",
		"required": false
	},
	{
		"id": "terrestria:snowy_hemlock_treeline",
		"required": false
	},
	{
		"id": "terralith:alpine_grove",
		"required": false
	},
	{
		"id": "terralith:moonlight_grove",
		"required": false
	},
	{
		"id": "terralith:moonlight_valley",
		"required": false
	},
	{
		"id": "terralith:forested_highlands",
		"required": false
	},
	{
		"id": "terralith:lush_valley",
		"required": false
	}
  ]
}
