{
  "type": "minecraft:chest",
  "pools": [
    {
      "rolls": {
        "type": "minecraft:uniform",
        "min": 3,
        "max": 5
      },
      "entries": [
        {
          "type": "minecraft:empty",
          "weight": 30
        },
        {
          "type": "minecraft:item",
          "weight": 30,
          "name": "minecraft:glass_bottle",
          "functions": [
            {
              "function": "minecraft:set_count",
              "count": {
                "type": "minecraft:uniform",
                "min": 3,
                "max": 9
              },
              "add": false
            }
          ]
        },
        {
          "type": "minecraft:item",
          "weight": 27,
          "name": "minecraft:glowstone_dust",
          "functions": [
            {
              "function": "minecraft:set_count",
              "count": {
                "type": "minecraft:uniform",
                "min": 4,
                "max": 16
              },
              "add": false
            }
          ]
        },
        {
          "type": "minecraft:item",
          "weight": 22,
          "name": "minecraft:book",
          "functions": [
            {
              "function": "minecraft:set_count",
              "count": {
                "type": "minecraft:uniform",
                "min": 1,
                "max": 6
              },
              "add": false
            }
          ]
        },
        {
          "type": "minecraft:item",
          "weight": 20,
          "name": "minecraft:gold_nugget",
          "functions": [
            {
              "function": "minecraft:set_count",
              "count": {
                "type": "minecraft:uniform",
                "min": 3,
                "max": 9
              },
              "add": false
            }
          ]
        },
        {
          "type": "minecraft:item",
          "weight": 18,
          "name": "minecraft:iron_nugget",
          "functions": [
            {
              "function": "minecraft:set_count",
              "count": {
                "type": "minecraft:uniform",
                "min": 3,
                "max": 6
              },
              "add": false
            }
          ]
        },
        {
          "type": "minecraft:item",
          "weight": 17,
          "name": "minecraft:bowl",
          "functions": [
            {
              "function": "minecraft:set_count",
              "count": {
                "type": "minecraft:uniform",
                "min": 3,
                "max": 9
              },
              "add": false
            }
          ]
        },
        {
          "type": "minecraft:item",
          "weight": 16,
          "name": "minecraft:stone_sword",
          "functions": [
            {
              "function": "minecraft:set_damage",
              "damage": {
                "type": "minecraft:uniform",
                "min": 0.3,
                "max": 0.8
              },
              "add": false
            }
          ]
        },
        {
          "type": "minecraft:item",
          "weight": 15,
          "name": "minecraft:book",
          "functions": [
            {
              "function": "minecraft:enchant_with_levels",
              "levels": {
                "type": "minecraft:uniform",
                "min": 5,
                "max": 25
              },
              "treasure": true
            }
          ]
        },
        {
          "type": "minecraft:item",
          "weight": 14,
          "name": "minecraft:obsidian",
          "functions": [
            {
              "function": "minecraft:set_count",
              "count": {
                "type": "minecraft:uniform",
                "min": 1,
                "max": 3
              },
              "add": false
            }
          ]
        },
        {
          "type": "minecraft:item",
          "weight": 13,
          "name": "minecraft:crying_obsidian",
          "functions": [
            {
              "function": "minecraft:set_count",
              "count": {
                "type": "minecraft:uniform",
                "min": 1,
                "max": 3
              },
              "add": false
            }
          ]
        },
        {
          "type": "minecraft:item",
          "weight": 12,
          "name": "minecraft:blaze_powder",
          "functions": [
            {
              "function": "minecraft:set_count",
              "count": {
                "type": "minecraft:uniform",
                "min": 1,
                "max": 3
              },
              "add": false
            }
          ]
        },
        {
          "type": "minecraft:item",
          "weight": 5,
          "name": "minecraft:black_candle",
          "functions": [
            {
              "function": "minecraft:set_count",
              "count": {
                "type": "minecraft:uniform",
                "min": 3,
                "max": 6
              },
              "add": false
            }
          ]
        },
        {
          "type": "minecraft:item",
          "weight": 5,
          "name": "minecraft:red_candle",
          "functions": [
            {
              "function": "minecraft:set_count",
              "count": {
                "type": "minecraft:uniform",
                "min": 3,
                "max": 6
              },
              "add": false
            }
          ]
        },
        {
          "type": "minecraft:item",
          "weight": 7,
          "name": "minecraft:raw_copper",
          "functions": [
            {
              "function": "minecraft:set_count",
              "count": {
                "type": "minecraft:uniform",
                "min": 3,
                "max": 6
              },
              "add": false
            }
          ]
        },
        {
          "type": "minecraft:item",
          "weight": 5,
          "name": "minecraft:quartz",
          "functions": [
            {
              "function": "minecraft:set_count",
              "count": {
                "type": "minecraft:uniform",
                "min": 3,
                "max": 6
              },
              "add": false
            }
          ]
        },
        {
          "type": "minecraft:item",
          "weight": 5,
          "name": "minecraft:gold_ingot",
          "functions": [
            {
              "function": "minecraft:set_count",
              "count": {
                "type": "minecraft:uniform",
                "min": 1,
                "max": 4
              },
              "add": false
            }
          ]
        },
        {
          "type": "minecraft:item",
          "weight": 5,
          "name": "minecraft:iron_ingot",
          "functions": [
            {
              "function": "minecraft:set_count",
              "count": {
                "type": "minecraft:uniform",
                "min": 1,
                "max": 2
              },
              "add": false
            }
          ]
        },
        {
          "type": "minecraft:item",
          "weight": 5,
          "name": "minecraft:cauldron"
        },
        {
          "type": "minecraft:item",
          "weight": 5,
          "name": "minecraft:lectern"
        },
        {
          "type": "minecraft:item",
          "weight": 4,
          "name": "minecraft:emerald"
        },
        {
          "type": "minecraft:item",
          "weight": 3,
          "name": "minecraft:golden_apple",
          "functions": [
            {
              "function": "minecraft:set_count",
              "count": {
                "type": "minecraft:uniform",
                "min": 1,
                "max": 3
              },
              "add": false
            }
          ]
        },
        {
          "type": "minecraft:item",
          "weight": 1,
          "name": "minecraft:wither_rose",
          "functions": [
            {
              "function": "minecraft:set_count",
              "count": {
                "type": "minecraft:uniform",
                "min": 1,
                "max": 3
              },
              "add": false
            }
          ]
        }
      ]
    },
    {
      "rolls": 1,
      "entries": [
        {
          "type": "minecraft:empty",
          "weight": 58
        },
        {
          "type": "minecraft:item",
          "weight": 1,
          "name": "minecraft:golden_helmet",
          "functions": [
            {
              "function": "minecraft:set_damage",
              "damage": {
                "type": "minecraft:uniform",
                "min": 0.3,
                "max": 1
              },
              "add": false
            }
          ]
        },
        {
          "type": "minecraft:item",
          "weight": 1,
          "name": "minecraft:golden_chestplate",
          "functions": [
            {
              "function": "minecraft:set_damage",
              "damage": {
                "type": "minecraft:uniform",
                "min": 0.3,
                "max": 1
              },
              "add": false
            }
          ]
        },
        {
          "type": "minecraft:item",
          "weight": 1,
          "name": "minecraft:golden_leggings",
          "functions": [
            {
              "function": "minecraft:set_damage",
              "damage": {
                "type": "minecraft:uniform",
                "min": 0.3,
                "max": 1
              },
              "add": false
            }
          ]
        },
        {
          "type": "minecraft:item",
          "weight": 1,
          "name": "minecraft:golden_boots",
          "functions": [
            {
              "function": "minecraft:set_damage",
              "damage": {
                "type": "minecraft:uniform",
                "min": 0.3,
                "max": 1
              },
              "add": false
            }
          ]
        },
        {
          "type": "minecraft:item",
          "weight": 1,
          "name": "minecraft:golden_pickaxe",
          "functions": [
            {
              "function": "minecraft:set_damage",
              "damage": {
                "type": "minecraft:uniform",
                "min": 0.3,
                "max": 1
              },
              "add": false
            }
          ]
        },
        {
          "type": "minecraft:item",
          "weight": 1,
          "name": "minecraft:golden_hoe",
          "functions": [
            {
              "function": "minecraft:set_damage",
              "damage": {
                "type": "minecraft:uniform",
                "min": 0.3,
                "max": 1
              },
              "add": false
            }
          ]
        },
        {
          "type": "minecraft:item",
          "weight": 1,
          "name": "minecraft:golden_helmet",
          "functions": [
            {
              "function": "minecraft:set_damage",
              "damage": {
                "type": "minecraft:uniform",
                "min": 0.3,
                "max": 1
              },
              "add": false
            },
            {
              "function": "minecraft:enchant_with_levels",
              "levels": {
                "type": "minecraft:uniform",
                "min": 3,
                "max": 15
              },
              "treasure": true
            }
          ]
        },
        {
          "type": "minecraft:item",
          "weight": 1,
          "name": "minecraft:golden_chestplate",
          "functions": [
            {
              "function": "minecraft:set_damage",
              "damage": {
                "type": "minecraft:uniform",
                "min": 0.3,
                "max": 1
              },
              "add": false
            },
            {
              "function": "minecraft:enchant_with_levels",
              "levels": {
                "type": "minecraft:uniform",
                "min": 3,
                "max": 15
              },
              "treasure": true
            }
          ]
        },
        {
          "type": "minecraft:item",
          "weight": 1,
          "name": "minecraft:golden_leggings",
          "functions": [
            {
              "function": "minecraft:set_damage",
              "damage": {
                "type": "minecraft:uniform",
                "min": 0.3,
                "max": 1
              },
              "add": false
            },
            {
              "function": "minecraft:enchant_with_levels",
              "levels": {
                "type": "minecraft:uniform",
                "min": 3,
                "max": 15
              },
              "treasure": true
            }
          ]
        },
        {
          "type": "minecraft:item",
          "weight": 1,
          "name": "minecraft:golden_boots",
          "functions": [
            {
              "function": "minecraft:set_damage",
              "damage": {
                "type": "minecraft:uniform",
                "min": 0.3,
                "max": 1
              },
              "add": false
            },
            {
              "function": "minecraft:enchant_with_levels",
              "levels": {
                "type": "minecraft:uniform",
                "min": 3,
                "max": 15
              },
              "treasure": true
            }
          ]
        },
        {
          "type": "minecraft:item",
          "weight": 1,
          "name": "minecraft:golden_pickaxe",
          "functions": [
            {
              "function": "minecraft:set_damage",
              "damage": {
                "type": "minecraft:uniform",
                "min": 0.3,
                "max": 1
              },
              "add": false
            },
            {
              "function": "minecraft:enchant_with_levels",
              "levels": {
                "type": "minecraft:uniform",
                "min": 3,
                "max": 15
              },
              "treasure": true
            }
          ]
        },
        {
          "type": "minecraft:item",
          "weight": 1,
          "name": "minecraft:golden_hoe",
          "functions": [
            {
              "function": "minecraft:set_damage",
              "damage": {
                "type": "minecraft:uniform",
                "min": 0.3,
                "max": 1
              },
              "add": false
            },
            {
              "function": "minecraft:enchant_with_levels",
              "levels": {
                "type": "minecraft:uniform",
                "min": 3,
                "max": 15
              },
              "treasure": true
            }
          ]
        }
      ]
    }
  ]
}
