{
    "type": "minecraft:add",
    "argument1": 0.01,
    "argument2": {
        "type": "minecraft:mul",
        "argument1": {
            "type": "minecraft:spline",
            "min_value": -1.5,
            "max_value": 1.5,
            "spline": {
                "coordinate": "minecraft:overworld/continents",
                "points": [
                    {
                        "location": 0.3,
                        "derivative": 0,
                        "value": 1.075
                    },
                    {
                        "location": 0.4,
                        "derivative": 0,
                        "value": {
                            "coordinate": "tectonic:overworld/noise/erosion_folded",
                            "points": [
                                {
                                    "location": 0,
                                    "derivative": 0,
                                    "value": 1.35
                                },
                                {
                                    "location": 0.2,
                                    "derivative": 0,
                                    "value": 1.075
                                }
                            ]
                        }
                    }
                ]
            }
        },
        "argument2": {
            "type": "minecraft:spline",
            "min_value": -1.5,
            "max_value": 1.5,
            "spline": {
                "coordinate": "minecraft:overworld/continents",
                "points": [
                    {
                        "location": -1.005,
                        "derivative": 0,
                        "value": {
                            "coordinate": "minecraft:overworld/base_erosion",
                            "points": [
                                {
                                    "location": -0.425,
                                    "derivative": 0,
                                    "value": {
                                        "coordinate": "minecraft:overworld/base_ridges",
                                        "points": [
                                            {
                                                "location": 0,
                                                "derivative": 0,
                                                "value": 0.05
                                            }
                                        ]
                                    }
                                },
                                {
                                    "location": -0.375,
                                    "derivative": 0,
                                    "value": {
                                        "coordinate": "minecraft:overworld/base_ridges",
                                        "points": [
                                            {
                                                "location": 0,
                                                "derivative": 0,
                                                "value": -0.3
                                            }
                                        ]
                                    }
                                },
                                {
                                    "location": -0.25,
                                    "derivative": 0,
                                    "value": {
                                        "coordinate": "minecraft:overworld/base_ridges",
                                        "points": [
                                            {
                                                "location": 0,
                                                "derivative": 0,
                                                "value": -0.3
                                            }
                                        ]
                                    }
                                },
                                {
                                    "location": -0.2125,
                                    "derivative": 0,
                                    "value": {
                                        "coordinate": "minecraft:overworld/base_ridges",
                                        "points": [
                                            {
                                                "location": 0,
                                                "derivative": 0,
                                                "value": {
                                                    "coordinate": "minecraft:overworld/temperature",
                                                    "points": [
                                                        {
                                                            "location": 0,
                                                            "derivative": 0,
                                                            "value": -0.3
                                                        },
                                                        {
                                                            "location": 0.05,
                                                            "derivative": 0,
                                                            "value": -0.125
                                                        }
                                                    ]
                                                }
                                            }
                                        ]
                                    }
                                },
                                {
                                    "location": 0.2125,
                                    "derivative": 0,
                                    "value": {
                                        "coordinate": "minecraft:overworld/base_ridges",
                                        "points": [
                                            {
                                                "location": 0,
                                                "derivative": 0,
                                                "value": {
                                                    "coordinate": "minecraft:overworld/temperature",
                                                    "points": [
                                                        {
                                                            "location": 0,
                                                            "derivative": 0,
                                                            "value": -0.3
                                                        },
                                                        {
                                                            "location": 0.05,
                                                            "derivative": 0,
                                                            "value": -0.125
                                                        }
                                                    ]
                                                }
                                            }
                                        ]
                                    }
                                },
                                {
                                    "location": 0.25,
                                    "derivative": 0,
                                    "value": {
                                        "coordinate": "minecraft:overworld/base_ridges",
                                        "points": [
                                            {
                                                "location": 0,
                                                "derivative": 0,
                                                "value": -0.3
                                            }
                                        ]
                                    }
                                },
                                {
                                    "location": 0.375,
                                    "derivative": 0,
                                    "value": {
                                        "coordinate": "minecraft:overworld/base_ridges",
                                        "points": [
                                            {
                                                "location": 0,
                                                "derivative": 0,
                                                "value": -0.3
                                            }
                                        ]
                                    }
                                },
                                {
                                    "location": 0.425,
                                    "derivative": 0,
                                    "value": {
                                        "coordinate": "minecraft:overworld/base_ridges",
                                        "points": [
                                            {
                                                "location": 0,
                                                "derivative": 0,
                                                "value": 0.05
                                            }
                                        ]
                                    }
                                }
                            ]
                        }
                    },
                    {
                        "location": -0.995,
                        "derivative": 0,
                        "value": {
                            "coordinate": "minecraft:overworld/base_erosion",
                            "points": [
                                {
                                    "location": -0.425,
                                    "derivative": 0,
                                    "value": {
                                        "coordinate": "minecraft:overworld/base_ridges",
                                        "points": [
                                            {
                                                "location": 0,
                                                "derivative": 0,
                                                "value": 0.05
                                            }
                                        ]
                                    }
                                },
                                {
                                    "location": -0.375,
                                    "derivative": 0,
                                    "value": {
                                        "coordinate": "minecraft:overworld/base_ridges",
                                        "points": [
                                            {
                                                "location": 0,
                                                "derivative": 0,
                                                "value": -0.3
                                            }
                                        ]
                                    }
                                },
                                {
                                    "location": -0.25,
                                    "derivative": 0,
                                    "value": {
                                        "coordinate": "minecraft:overworld/base_ridges",
                                        "points": [
                                            {
                                                "location": 0,
                                                "derivative": 0,
                                                "value": -0.3
                                            }
                                        ]
                                    }
                                },
                                {
                                    "location": -0.2125,
                                    "derivative": 0,
                                    "value": {
                                        "coordinate": "minecraft:overworld/temperature",
                                        "points": [
                                            {
                                                "location": 0,
                                                "derivative": 0,
                                                "value": -0.3
                                            },
                                            {
                                                "location": 0.05,
                                                "derivative": 0,
                                                "value": 0.0025
                                            }
                                        ]
                                    }
                                },
                                {
                                    "location": 0.2125,
                                    "derivative": 0,
                                    "value": {
                                        "coordinate": "minecraft:overworld/temperature",
                                        "points": [
                                            {
                                                "location": 0,
                                                "derivative": 0,
                                                "value": -0.3
                                            },
                                            {
                                                "location": 0.05,
                                                "derivative": 0,
                                                "value": 0.0025
                                            }
                                        ]
                                    }
                                },
                                {
                                    "location": 0.25,
                                    "derivative": 0,
                                    "value": {
                                        "coordinate": "minecraft:overworld/base_ridges",
                                        "points": [
                                            {
                                                "location": 0,
                                                "derivative": 0,
                                                "value": -0.3
                                            }
                                        ]
                                    }
                                },
                                {
                                    "location": 0.375,
                                    "derivative": 0,
                                    "value": {
                                        "coordinate": "minecraft:overworld/base_ridges",
                                        "points": [
                                            {
                                                "location": 0,
                                                "derivative": 0,
                                                "value": -0.3
                                            }
                                        ]
                                    }
                                },
                                {
                                    "location": 0.425,
                                    "derivative": 0,
                                    "value": {
                                        "coordinate": "minecraft:overworld/base_ridges",
                                        "points": [
                                            {
                                                "location": 0,
                                                "derivative": 0,
                                                "value": 0.05
                                            }
                                        ]
                                    }
                                }
                            ]
                        }
                    },
                    {
                        "location": -0.96,
                        "derivative": 0,
                        "value": {
                            "coordinate": "minecraft:overworld/base_erosion",
                            "points": [
                                {
                                    "location": -0.425,
                                    "derivative": 0,
                                    "value": {
                                        "coordinate": "minecraft:overworld/base_ridges",
                                        "points": [
                                            {
                                                "location": 0,
                                                "derivative": 0,
                                                "value": 0.05
                                            }
                                        ]
                                    }
                                },
                                {
                                    "location": -0.375,
                                    "derivative": 0,
                                    "value": {
                                        "coordinate": "minecraft:overworld/base_ridges",
                                        "points": [
                                            {
                                                "location": 0,
                                                "derivative": 0,
                                                "value": -0.3
                                            }
                                        ]
                                    }
                                },
                                {
                                    "location": -0.25,
                                    "derivative": 0,
                                    "value": {
                                        "coordinate": "minecraft:overworld/base_ridges",
                                        "points": [
                                            {
                                                "location": 0,
                                                "derivative": 0,
                                                "value": -0.3
                                            }
                                        ]
                                    }
                                },
                                {
                                    "location": -0.2125,
                                    "derivative": 0,
                                    "value": {
                                        "coordinate": "minecraft:overworld/temperature",
                                        "points": [
                                            {
                                                "location": 0,
                                                "derivative": 0,
                                                "value": -0.3
                                            },
                                            {
                                                "location": 0.05,
                                                "derivative": 0,
                                                "value": 0.0025
                                            }
                                        ]
                                    }
                                },
                                {
                                    "location": 0.2125,
                                    "derivative": 0,
                                    "value": {
                                        "coordinate": "minecraft:overworld/temperature",
                                        "points": [
                                            {
                                                "location": 0,
                                                "derivative": 0,
                                                "value": -0.3
                                            },
                                            {
                                                "location": 0.05,
                                                "derivative": 0,
                                                "value": 0.0025
                                            }
                                        ]
                                    }
                                },
                                {
                                    "location": 0.25,
                                    "derivative": 0,
                                    "value": {
                                        "coordinate": "minecraft:overworld/base_ridges",
                                        "points": [
                                            {
                                                "location": 0,
                                                "derivative": 0,
                                                "value": -0.3
                                            }
                                        ]
                                    }
                                },
                                {
                                    "location": 0.375,
                                    "derivative": 0,
                                    "value": {
                                        "coordinate": "minecraft:overworld/base_ridges",
                                        "points": [
                                            {
                                                "location": 0,
                                                "derivative": 0,
                                                "value": -0.3
                                            }
                                        ]
                                    }
                                },
                                {
                                    "location": 0.425,
                                    "derivative": 0,
                                    "value": {
                                        "coordinate": "minecraft:overworld/base_ridges",
                                        "points": [
                                            {
                                                "location": 0,
                                                "derivative": 0,
                                                "value": 0.05
                                            }
                                        ]
                                    }
                                }
                            ]
                        }
                    },
                    {
                        "location": -0.91,
                        "derivative": 0,
                        "value": {
                            "coordinate": "minecraft:overworld/base_erosion",
                            "points": [
                                {
                                    "location": 0,
                                    "derivative": 0,
                                    "value": {
                                        "coordinate": "minecraft:overworld/base_ridges",
                                        "points": [
                                            {
                                                "location": 0,
                                                "derivative": 0,
                                                "value": -0.3
                                            }
                                        ]
                                    }
                                }
                            ]
                        }
                    },
                    {
                        "location": -0.4375,
                        "derivative": 0,
                        "value": {
                            "coordinate": "minecraft:overworld/base_erosion",
                            "points": [
                                {
                                    "location": 0,
                                    "derivative": 0,
                                    "value": {
                                        "coordinate": "minecraft:overworld/base_ridges",
                                        "points": [
                                            {
                                                "location": 0,
                                                "derivative": 0,
                                                "value": -0.3
                                            }
                                        ]
                                    }
                                }
                            ]
                        }
                    },
                    {
                        "location": -0.3625,
                        "derivative": 0,
                        "value": {
                            "coordinate": "minecraft:overworld/base_erosion",
                            "points": [
                                {
                                    "location": 0,
                                    "derivative": 0,
                                    "value": {
                                        "coordinate": "minecraft:overworld/base_ridges",
                                        "points": [
                                            {
                                                "location": 0,
                                                "derivative": 0,
                                                "value": -0.15
                                            }
                                        ]
                                    }
                                }
                            ]
                        }
                    },
                    {
                        "location": -0.05,
                        "derivative": 0,
                        "value": {
                            "coordinate": "minecraft:overworld/base_erosion",
                            "points": [
                                {
                                    "location": 0,
                                    "derivative": 0,
                                    "value": {
                                        "coordinate": "minecraft:overworld/base_ridges",
                                        "points": [
                                            {
                                                "location": 0,
                                                "derivative": 0,
                                                "value": -0.125
                                            }
                                        ]
                                    }
                                }
                            ]
                        }
                    },
                    {
                        "location": 0,
                        "derivative": 0,
                        "value": {
                            "coordinate": "minecraft:overworld/base_erosion",
                            "points": [
                                {
                                    "location": -0.2,
                                    "derivative": 0,
                                    "value": {
                                        "coordinate": "minecraft:overworld/base_ridges",
                                        "points": [
                                            {
                                                "location": -0.8,
                                                "derivative": 0,
                                                "value": 0.003
                                            },
                                            {
                                                "location": -0.075,
                                                "derivative": 0,
                                                "value": 0.003
                                            },
                                            {
                                                "location": 0,
                                                "derivative": 0,
                                                "value": -0.075
                                            },
                                            {
                                                "location": 0.075,
                                                "derivative": 0,
                                                "value": 0.003
                                            },
                                            {
                                                "location": 0.8,
                                                "derivative": 0,
                                                "value": 0.003
                                            }
                                        ]
                                    }
                                },
                                {
                                    "location": -0.15,
                                    "derivative": 0,
                                    "value": {
                                        "coordinate": "minecraft:overworld/base_ridges",
                                        "points": [
                                            {
                                                "location": 0,
                                                "derivative": 0,
                                                "value": 0.1
                                            }
                                        ]
                                    }
                                },
                                {
                                    "location": -0.05,
                                    "derivative": 0,
                                    "value": {
                                        "coordinate": "minecraft:overworld/base_ridges",
                                        "points": [
                                            {
                                                "location": 0,
                                                "derivative": 0,
                                                "value": 0.3
                                            }
                                        ]
                                    }
                                },
                                {
                                    "location": 0.05,
                                    "derivative": 0,
                                    "value": {
                                        "coordinate": "minecraft:overworld/base_ridges",
                                        "points": [
                                            {
                                                "location": 0,
                                                "derivative": 0,
                                                "value": 0.3
                                            }
                                        ]
                                    }
                                },
                                {
                                    "location": 0.15,
                                    "derivative": 0,
                                    "value": {
                                        "coordinate": "minecraft:overworld/base_ridges",
                                        "points": [
                                            {
                                                "location": 0,
                                                "derivative": 0,
                                                "value": 0.1
                                            }
                                        ]
                                    }
                                },
                                {
                                    "location": 0.2,
                                    "derivative": 0,
                                    "value": {
                                        "coordinate": "minecraft:overworld/base_ridges",
                                        "points": [
                                            {
                                                "location": -0.8,
                                                "derivative": 0,
                                                "value": 0.003
                                            },
                                            {
                                                "location": -0.075,
                                                "derivative": 0,
                                                "value": 0.003
                                            },
                                            {
                                                "location": 0,
                                                "derivative": 0,
                                                "value": -0.075
                                            },
                                            {
                                                "location": 0.075,
                                                "derivative": 0,
                                                "value": 0.003
                                            },
                                            {
                                                "location": 0.8,
                                                "derivative": 0,
                                                "value": 0.003
                                            }
                                        ]
                                    }
                                }
                            ]
                        }
                    },
                    {
                        "location": 0.04,
                        "derivative": 0,
                        "value": {
                            "coordinate": "minecraft:overworld/base_erosion",
                            "points": [
                                {
                                    "location": -0.85,
                                    "derivative": 0,
                                    "value": {
                                        "coordinate": "minecraft:overworld/base_ridges",
                                        "points": [
                                            {
                                                "location": -0.8,
                                                "derivative": 0,
                                                "value": -0.015
                                            },
                                            {
                                                "location": -0.075,
                                                "derivative": 0,
                                                "value": -0.015
                                            },
                                            {
                                                "location": 0,
                                                "derivative": 0,
                                                "value": -0.075
                                            },
                                            {
                                                "location": 0.075,
                                                "derivative": 0,
                                                "value": -0.015
                                            },
                                            {
                                                "location": 0.8,
                                                "derivative": 0,
                                                "value": -0.015
                                            }
                                        ]
                                    }
                                },
                                {
                                    "location": -0.825,
                                    "derivative": 0,
                                    "value": {
                                        "coordinate": "minecraft:overworld/base_ridges",
                                        "points": [
                                            {
                                                "location": -0.8,
                                                "derivative": 0,
                                                "value": 0.025
                                            },
                                            {
                                                "location": -0.075,
                                                "derivative": 0,
                                                "value": 0.025
                                            },
                                            {
                                                "location": 0,
                                                "derivative": 0,
                                                "value": -0.075
                                            },
                                            {
                                                "location": 0.075,
                                                "derivative": 0,
                                                "value": 0.025
                                            },
                                            {
                                                "location": 0.8,
                                                "derivative": 0,
                                                "value": 0.025
                                            }
                                        ]
                                    }
                                },
                                {
                                    "location": -0.2,
                                    "derivative": 0,
                                    "value": {
                                        "coordinate": "minecraft:overworld/base_ridges",
                                        "points": [
                                            {
                                                "location": -0.8,
                                                "derivative": 0,
                                                "value": 0.025
                                            },
                                            {
                                                "location": -0.075,
                                                "derivative": 0,
                                                "value": 0.025
                                            },
                                            {
                                                "location": 0,
                                                "derivative": 0,
                                                "value": -0.075
                                            },
                                            {
                                                "location": 0.075,
                                                "derivative": 0,
                                                "value": 0.025
                                            },
                                            {
                                                "location": 0.8,
                                                "derivative": 0,
                                                "value": 0.025
                                            }
                                        ]
                                    }
                                },
                                {
                                    "location": -0.15,
                                    "derivative": 0,
                                    "value": {
                                        "coordinate": "minecraft:overworld/base_ridges",
                                        "points": [
                                            {
                                                "location": 0,
                                                "derivative": 0,
                                                "value": 0.15
                                            }
                                        ]
                                    }
                                },
                                {
                                    "location": -0.05,
                                    "derivative": 0,
                                    "value": {
                                        "coordinate": "minecraft:overworld/base_ridges",
                                        "points": [
                                            {
                                                "location": 0,
                                                "derivative": 0,
                                                "value": 0.3
                                            }
                                        ]
                                    }
                                },
                                {
                                    "location": 0.05,
                                    "derivative": 0,
                                    "value": {
                                        "coordinate": "minecraft:overworld/base_ridges",
                                        "points": [
                                            {
                                                "location": 0,
                                                "derivative": 0,
                                                "value": 0.3
                                            }
                                        ]
                                    }
                                },
                                {
                                    "location": 0.15,
                                    "derivative": 0,
                                    "value": {
                                        "coordinate": "minecraft:overworld/base_ridges",
                                        "points": [
                                            {
                                                "location": 0,
                                                "derivative": 0,
                                                "value": 0.15
                                            }
                                        ]
                                    }
                                },
                                {
                                    "location": 0.2,
                                    "derivative": 0,
                                    "value": {
                                        "coordinate": "minecraft:overworld/base_ridges",
                                        "points": [
                                            {
                                                "location": -0.8,
                                                "derivative": 0,
                                                "value": 0.025
                                            },
                                            {
                                                "location": -0.075,
                                                "derivative": 0,
                                                "value": 0.025
                                            },
                                            {
                                                "location": 0,
                                                "derivative": 0,
                                                "value": -0.075
                                            },
                                            {
                                                "location": 0.075,
                                                "derivative": 0,
                                                "value": 0.025
                                            },
                                            {
                                                "location": 0.8,
                                                "derivative": 0,
                                                "value": 0.025
                                            }
                                        ]
                                    }
                                },
                                {
                                    "location": 0.825,
                                    "derivative": 0,
                                    "value": {
                                        "coordinate": "minecraft:overworld/base_ridges",
                                        "points": [
                                            {
                                                "location": -0.8,
                                                "derivative": 0,
                                                "value": 0.025
                                            },
                                            {
                                                "location": -0.075,
                                                "derivative": 0,
                                                "value": 0.025
                                            },
                                            {
                                                "location": 0,
                                                "derivative": 0,
                                                "value": -0.075
                                            },
                                            {
                                                "location": 0.075,
                                                "derivative": 0,
                                                "value": 0.025
                                            },
                                            {
                                                "location": 0.8,
                                                "derivative": 0,
                                                "value": 0.025
                                            }
                                        ]
                                    }
                                },
                                {
                                    "location": 0.85,
                                    "derivative": 0,
                                    "value": {
                                        "coordinate": "minecraft:overworld/base_ridges",
                                        "points": [
                                            {
                                                "location": -0.8,
                                                "derivative": 0,
                                                "value": -0.015
                                            },
                                            {
                                                "location": -0.075,
                                                "derivative": 0,
                                                "value": -0.015
                                            },
                                            {
                                                "location": 0,
                                                "derivative": 0,
                                                "value": -0.075
                                            },
                                            {
                                                "location": 0.075,
                                                "derivative": 0,
                                                "value": -0.015
                                            },
                                            {
                                                "location": 0.8,
                                                "derivative": 0,
                                                "value": -0.015
                                            }
                                        ]
                                    }
                                }
                            ]
                        }
                    },
                    {
                        "location": 0.25,
                        "derivative": 0,
                        "value": {
                            "coordinate": "minecraft:overworld/base_erosion",
                            "points": [
                                {
                                    "location": -0.85,
                                    "derivative": 0,
                                    "value": {
                                        "coordinate": "minecraft:overworld/base_ridges",
                                        "points": [
                                            {
                                                "location": -0.8,
                                                "derivative": 0,
                                                "value": -0.015
                                            },
                                            {
                                                "location": -0.075,
                                                "derivative": 0,
                                                "value": -0.015
                                            },
                                            {
                                                "location": 0,
                                                "derivative": 0,
                                                "value": -0.075
                                            },
                                            {
                                                "location": 0.075,
                                                "derivative": 0,
                                                "value": -0.015
                                            },
                                            {
                                                "location": 0.8,
                                                "derivative": 0,
                                                "value": -0.015
                                            }
                                        ]
                                    }
                                },
                                {
                                    "location": -0.825,
                                    "derivative": 0,
                                    "value": {
                                        "coordinate": "minecraft:overworld/base_ridges",
                                        "points": [
                                            {
                                                "location": -0.8,
                                                "derivative": 0,
                                                "value": 0.025
                                            },
                                            {
                                                "location": -0.075,
                                                "derivative": 0,
                                                "value": 0.025
                                            },
                                            {
                                                "location": 0,
                                                "derivative": 0,
                                                "value": -0.075
                                            },
                                            {
                                                "location": 0.075,
                                                "derivative": 0,
                                                "value": 0.025
                                            },
                                            {
                                                "location": 0.8,
                                                "derivative": 0,
                                                "value": 0.025
                                            }
                                        ]
                                    }
                                },
                                {
                                    "location": -0.2,
                                    "derivative": 0,
                                    "value": {
                                        "coordinate": "minecraft:overworld/base_ridges",
                                        "points": [
                                            {
                                                "location": -0.8,
                                                "derivative": 0,
                                                "value": 0.025
                                            },
                                            {
                                                "location": -0.075,
                                                "derivative": 0,
                                                "value": 0.025
                                            },
                                            {
                                                "location": 0,
                                                "derivative": 0,
                                                "value": -0.075
                                            },
                                            {
                                                "location": 0.075,
                                                "derivative": 0,
                                                "value": 0.025
                                            },
                                            {
                                                "location": 0.8,
                                                "derivative": 0,
                                                "value": 0.025
                                            }
                                        ]
                                    }
                                },
                                {
                                    "location": -0.15,
                                    "derivative": 0,
                                    "value": {
                                        "coordinate": "minecraft:overworld/base_ridges",
                                        "points": [
                                            {
                                                "location": 0,
                                                "derivative": 0,
                                                "value": 0.175
                                            }
                                        ]
                                    }
                                },
                                {
                                    "location": -0.05,
                                    "derivative": 0,
                                    "value": {
                                        "coordinate": "minecraft:overworld/base_ridges",
                                        "points": [
                                            {
                                                "location": 0,
                                                "derivative": 0,
                                                "value": 0.3
                                            }
                                        ]
                                    }
                                },
                                {
                                    "location": 0,
                                    "derivative": 0,
                                    "value": {
                                        "coordinate": "minecraft:overworld/base_ridges",
                                        "points": [
                                            {
                                                "location": 0,
                                                "derivative": 0,
                                                "value": 0.45
                                            }
                                        ]
                                    }
                                },
                                {
                                    "location": 0.05,
                                    "derivative": 0,
                                    "value": {
                                        "coordinate": "minecraft:overworld/base_ridges",
                                        "points": [
                                            {
                                                "location": 0,
                                                "derivative": 0,
                                                "value": 0.3
                                            }
                                        ]
                                    }
                                },
                                {
                                    "location": 0.15,
                                    "derivative": 0,
                                    "value": {
                                        "coordinate": "minecraft:overworld/base_ridges",
                                        "points": [
                                            {
                                                "location": 0,
                                                "derivative": 0,
                                                "value": 0.175
                                            }
                                        ]
                                    }
                                },
                                {
                                    "location": 0.2,
                                    "derivative": 0,
                                    "value": {
                                        "coordinate": "minecraft:overworld/base_ridges",
                                        "points": [
                                            {
                                                "location": -0.8,
                                                "derivative": 0,
                                                "value": 0.025
                                            },
                                            {
                                                "location": -0.075,
                                                "derivative": 0,
                                                "value": 0.025
                                            },
                                            {
                                                "location": 0,
                                                "derivative": 0,
                                                "value": -0.075
                                            },
                                            {
                                                "location": 0.075,
                                                "derivative": 0,
                                                "value": 0.025
                                            },
                                            {
                                                "location": 0.8,
                                                "derivative": 0,
                                                "value": 0.025
                                            }
                                        ]
                                    }
                                },
                                {
                                    "location": 0.825,
                                    "derivative": 0,
                                    "value": {
                                        "coordinate": "minecraft:overworld/base_ridges",
                                        "points": [
                                            {
                                                "location": -0.8,
                                                "derivative": 0,
                                                "value": 0.025
                                            },
                                            {
                                                "location": -0.075,
                                                "derivative": 0,
                                                "value": 0.025
                                            },
                                            {
                                                "location": 0,
                                                "derivative": 0,
                                                "value": -0.075
                                            },
                                            {
                                                "location": 0.075,
                                                "derivative": 0,
                                                "value": 0.025
                                            },
                                            {
                                                "location": 0.8,
                                                "derivative": 0,
                                                "value": 0.025
                                            }
                                        ]
                                    }
                                },
                                {
                                    "location": 0.85,
                                    "derivative": 0,
                                    "value": {
                                        "coordinate": "minecraft:overworld/base_ridges",
                                        "points": [
                                            {
                                                "location": -0.8,
                                                "derivative": 0,
                                                "value": -0.015
                                            },
                                            {
                                                "location": -0.075,
                                                "derivative": 0,
                                                "value": -0.015
                                            },
                                            {
                                                "location": 0,
                                                "derivative": 0,
                                                "value": -0.075
                                            },
                                            {
                                                "location": 0.075,
                                                "derivative": 0,
                                                "value": -0.015
                                            },
                                            {
                                                "location": 0.8,
                                                "derivative": 0,
                                                "value": -0.015
                                            }
                                        ]
                                    }
                                }
                            ]
                        }
                    },
                    {
                        "location": 0.45,
                        "derivative": 0,
                        "value": {
                            "coordinate": "minecraft:overworld/base_erosion",
                            "points": [
                                {
                                    "location": -0.25,
                                    "derivative": 0,
                                    "value": {
                                        "coordinate": "minecraft:overworld/base_ridges",
                                        "points": [
                                            {
                                                "location": -0.8,
                                                "derivative": 0,
                                                "value": 0.2
                                            },
                                            {
                                                "location": -0.2,
                                                "derivative": 0,
                                                "value": 0.2
                                            },
                                            {
                                                "location": -0.1,
                                                "derivative": 0,
                                                "value": 0.025
                                            },
                                            {
                                                "location": -0.075,
                                                "derivative": 0,
                                                "value": 0.025
                                            },
                                            {
                                                "location": 0,
                                                "derivative": 0,
                                                "value": -0.075
                                            },
                                            {
                                                "location": 0.075,
                                                "derivative": 0,
                                                "value": 0.025
                                            },
                                            {
                                                "location": 0.1,
                                                "derivative": 0,
                                                "value": 0.025
                                            },
                                            {
                                                "location": 0.2,
                                                "derivative": 0,
                                                "value": 0.2
                                            },
                                            {
                                                "location": 0.8,
                                                "derivative": 0,
                                                "value": 0.2
                                            }
                                        ]
                                    }
                                },
                                {
                                    "location": -0.2,
                                    "derivative": 0,
                                    "value": {
                                        "coordinate": "minecraft:overworld/base_ridges",
                                        "points": [
                                            {
                                                "location": -0.8,
                                                "derivative": 0,
                                                "value": 0.2
                                            },
                                            {
                                                "location": -0.1,
                                                "derivative": 0,
                                                "value": 0.2
                                            },
                                            {
                                                "location": 0,
                                                "derivative": 0,
                                                "value": -0.075
                                            },
                                            {
                                                "location": 0.1,
                                                "derivative": 0,
                                                "value": 0.2
                                            },
                                            {
                                                "location": 0.8,
                                                "derivative": 0,
                                                "value": 0.2
                                            }
                                        ]
                                    }
                                },
                                {
                                    "location": 0,
                                    "derivative": 0,
                                    "value": {
                                        "coordinate": "minecraft:overworld/base_ridges",
                                        "points": [
                                            {
                                                "location": 0,
                                                "derivative": 0,
                                                "value": 0.7
                                            }
                                        ]
                                    }
                                },
                                {
                                    "location": 0.2,
                                    "derivative": 0,
                                    "value": {
                                        "coordinate": "minecraft:overworld/base_ridges",
                                        "points": [
                                            {
                                                "location": -0.8,
                                                "derivative": 0,
                                                "value": 0.2
                                            },
                                            {
                                                "location": -0.1,
                                                "derivative": 0,
                                                "value": 0.2
                                            },
                                            {
                                                "location": 0,
                                                "derivative": 0,
                                                "value": -0.075
                                            },
                                            {
                                                "location": 0.1,
                                                "derivative": 0,
                                                "value": 0.2
                                            },
                                            {
                                                "location": 0.8,
                                                "derivative": 0,
                                                "value": 0.2
                                            }
                                        ]
                                    }
                                },
                                {
                                    "location": 0.25,
                                    "derivative": 0,
                                    "value": {
                                        "coordinate": "minecraft:overworld/base_ridges",
                                        "points": [
                                            {
                                                "location": -0.8,
                                                "derivative": 0,
                                                "value": 0.2
                                            },
                                            {
                                                "location": -0.2,
                                                "derivative": 0,
                                                "value": 0.2
                                            },
                                            {
                                                "location": -0.1,
                                                "derivative": 0,
                                                "value": 0.025
                                            },
                                            {
                                                "location": -0.075,
                                                "derivative": 0,
                                                "value": 0.025
                                            },
                                            {
                                                "location": 0,
                                                "derivative": 0,
                                                "value": -0.075
                                            },
                                            {
                                                "location": 0.075,
                                                "derivative": 0,
                                                "value": 0.025
                                            },
                                            {
                                                "location": 0.1,
                                                "derivative": 0,
                                                "value": 0.025
                                            },
                                            {
                                                "location": 0.2,
                                                "derivative": 0,
                                                "value": 0.2
                                            },
                                            {
                                                "location": 0.8,
                                                "derivative": 0,
                                                "value": 0.2
                                            }
                                        ]
                                    }
                                }
                            ]
                        }
                    },
                    {
                        "location": 0.7,
                        "derivative": 0,
                        "value": {
                            "coordinate": "minecraft:overworld/base_erosion",
                            "points": [
                                {
                                    "location": -0.25,
                                    "derivative": 0,
                                    "value": {
                                        "coordinate": "minecraft:overworld/base_ridges",
                                        "points": [
                                            {
                                                "location": -0.8,
                                                "derivative": 0,
                                                "value": 0.2
                                            },
                                            {
                                                "location": -0.2,
                                                "derivative": 0,
                                                "value": 0.2
                                            },
                                            {
                                                "location": -0.1,
                                                "derivative": 0,
                                                "value": 0.025
                                            },
                                            {
                                                "location": -0.075,
                                                "derivative": 0,
                                                "value": 0.025
                                            },
                                            {
                                                "location": 0,
                                                "derivative": 0,
                                                "value": -0.075
                                            },
                                            {
                                                "location": 0.075,
                                                "derivative": 0,
                                                "value": 0.025
                                            },
                                            {
                                                "location": 0.1,
                                                "derivative": 0,
                                                "value": 0.025
                                            },
                                            {
                                                "location": 0.2,
                                                "derivative": 0,
                                                "value": 0.2
                                            },
                                            {
                                                "location": 0.8,
                                                "derivative": 0,
                                                "value": 0.2
                                            }
                                        ]
                                    }
                                },
                                {
                                    "location": -0.2,
                                    "derivative": 0,
                                    "value": {
                                        "coordinate": "minecraft:overworld/base_ridges",
                                        "points": [
                                            {
                                                "location": -0.8,
                                                "derivative": 0,
                                                "value": 0.2
                                            },
                                            {
                                                "location": -0.1,
                                                "derivative": 0,
                                                "value": 0.2
                                            },
                                            {
                                                "location": 0,
                                                "derivative": 0,
                                                "value": -0.075
                                            },
                                            {
                                                "location": 0.1,
                                                "derivative": 0,
                                                "value": 0.2
                                            },
                                            {
                                                "location": 0.8,
                                                "derivative": 0,
                                                "value": 0.2
                                            }
                                        ]
                                    }
                                },
                                {
                                    "location": 0,
                                    "derivative": 0,
                                    "value": {
                                        "coordinate": "minecraft:overworld/base_ridges",
                                        "points": [
                                            {
                                                "location": 0,
                                                "derivative": 0,
                                                "value": 0.8
                                            }
                                        ]
                                    }
                                },
                                {
                                    "location": 0.2,
                                    "derivative": 0,
                                    "value": {
                                        "coordinate": "minecraft:overworld/base_ridges",
                                        "points": [
                                            {
                                                "location": -0.8,
                                                "derivative": 0,
                                                "value": 0.2
                                            },
                                            {
                                                "location": -0.1,
                                                "derivative": 0,
                                                "value": 0.2
                                            },
                                            {
                                                "location": 0,
                                                "derivative": 0,
                                                "value": -0.075
                                            },
                                            {
                                                "location": 0.1,
                                                "derivative": 0,
                                                "value": 0.2
                                            },
                                            {
                                                "location": 0.8,
                                                "derivative": 0,
                                                "value": 0.2
                                            }
                                        ]
                                    }
                                },
                                {
                                    "location": 0.25,
                                    "derivative": 0,
                                    "value": {
                                        "coordinate": "minecraft:overworld/base_ridges",
                                        "points": [
                                            {
                                                "location": -0.8,
                                                "derivative": 0,
                                                "value": 0.2
                                            },
                                            {
                                                "location": -0.2,
                                                "derivative": 0,
                                                "value": 0.2
                                            },
                                            {
                                                "location": -0.1,
                                                "derivative": 0,
                                                "value": 0.025
                                            },
                                            {
                                                "location": -0.075,
                                                "derivative": 0,
                                                "value": 0.025
                                            },
                                            {
                                                "location": 0,
                                                "derivative": 0,
                                                "value": -0.075
                                            },
                                            {
                                                "location": 0.075,
                                                "derivative": 0,
                                                "value": 0.025
                                            },
                                            {
                                                "location": 0.1,
                                                "derivative": 0,
                                                "value": 0.025
                                            },
                                            {
                                                "location": 0.2,
                                                "derivative": 0,
                                                "value": 0.2
                                            },
                                            {
                                                "location": 0.8,
                                                "derivative": 0,
                                                "value": 0.2
                                            }
                                        ]
                                    }
                                }
                            ]
                        }
                    },
                    {
                        "location": 0.9,
                        "derivative": 0,
                        "value": {
                            "coordinate": "minecraft:overworld/base_erosion",
                            "points": [
                                {
                                    "location": -0.25,
                                    "derivative": 0,
                                    "value": {
                                        "coordinate": "minecraft:overworld/base_ridges",
                                        "points": [
                                            {
                                                "location": -0.8,
                                                "derivative": 0,
                                                "value": 0.3
                                            },
                                            {
                                                "location": -0.2,
                                                "derivative": 0,
                                                "value": 0.3
                                            },
                                            {
                                                "location": -0.1,
                                                "derivative": 0,
                                                "value": 0.025
                                            },
                                            {
                                                "location": -0.075,
                                                "derivative": 0,
                                                "value": 0.025
                                            },
                                            {
                                                "location": 0,
                                                "derivative": 0,
                                                "value": -0.075
                                            },
                                            {
                                                "location": 0.075,
                                                "derivative": 0,
                                                "value": 0.025
                                            },
                                            {
                                                "location": 0.1,
                                                "derivative": 0,
                                                "value": 0.025
                                            },
                                            {
                                                "location": 0.2,
                                                "derivative": 0,
                                                "value": 0.3
                                            },
                                            {
                                                "location": 0.8,
                                                "derivative": 0,
                                                "value": 0.3
                                            }
                                        ]
                                    }
                                },
                                {
                                    "location": -0.2,
                                    "derivative": 0,
                                    "value": {
                                        "coordinate": "minecraft:overworld/base_ridges",
                                        "points": [
                                            {
                                                "location": -0.8,
                                                "derivative": 0,
                                                "value": 0.3
                                            },
                                            {
                                                "location": -0.1,
                                                "derivative": 0,
                                                "value": 0.3
                                            },
                                            {
                                                "location": 0,
                                                "derivative": 0,
                                                "value": -0.075
                                            },
                                            {
                                                "location": 0.1,
                                                "derivative": 0,
                                                "value": 0.3
                                            },
                                            {
                                                "location": 0.8,
                                                "derivative": 0,
                                                "value": 0.3
                                            }
                                        ]
                                    }
                                },
                                {
                                    "location": 0,
                                    "derivative": 0,
                                    "value": {
                                        "coordinate": "minecraft:overworld/base_ridges",
                                        "points": [
                                            {
                                                "location": 0,
                                                "derivative": 0,
                                                "value": 0.95
                                            }
                                        ]
                                    }
                                },
                                {
                                    "location": 0.2,
                                    "derivative": 0,
                                    "value": {
                                        "coordinate": "minecraft:overworld/base_ridges",
                                        "points": [
                                            {
                                                "location": -0.8,
                                                "derivative": 0,
                                                "value": 0.3
                                            },
                                            {
                                                "location": -0.1,
                                                "derivative": 0,
                                                "value": 0.3
                                            },
                                            {
                                                "location": 0,
                                                "derivative": 0,
                                                "value": -0.075
                                            },
                                            {
                                                "location": 0.1,
                                                "derivative": 0,
                                                "value": 0.3
                                            },
                                            {
                                                "location": 0.8,
                                                "derivative": 0,
                                                "value": 0.3
                                            }
                                        ]
                                    }
                                },
                                {
                                    "location": 0.25,
                                    "derivative": 0,
                                    "value": {
                                        "coordinate": "minecraft:overworld/base_ridges",
                                        "points": [
                                            {
                                                "location": -0.8,
                                                "derivative": 0,
                                                "value": 0.3
                                            },
                                            {
                                                "location": -0.2,
                                                "derivative": 0,
                                                "value": 0.3
                                            },
                                            {
                                                "location": -0.1,
                                                "derivative": 0,
                                                "value": 0.025
                                            },
                                            {
                                                "location": -0.075,
                                                "derivative": 0,
                                                "value": 0.025
                                            },
                                            {
                                                "location": 0,
                                                "derivative": 0,
                                                "value": -0.075
                                            },
                                            {
                                                "location": 0.075,
                                                "derivative": 0,
                                                "value": 0.025
                                            },
                                            {
                                                "location": 0.1,
                                                "derivative": 0,
                                                "value": 0.025
                                            },
                                            {
                                                "location": 0.2,
                                                "derivative": 0,
                                                "value": 0.3
                                            },
                                            {
                                                "location": 0.8,
                                                "derivative": 0,
                                                "value": 0.3
                                            }
                                        ]
                                    }
                                }
                            ]
                        }
                    }
                ]
            }
        }
    }
}