{
    "type": "minecraft:add",
    "argument1": {
        "type": "minecraft:y_clamped_gradient",
        "from_y": -64,
        "to_y": 320,
        "from_value": 1,
        "to_value": -2
    },
    "argument2": {
        "type": "minecraft:add",
        "argument1": {
            "type": "minecraft:add",
            "argument1": "tectonic:overworld/noise/offset_noise",
            "argument2": "tectonic:overworld/special/desert_dunes"
        },
        "argument2": "tectonic:overworld/spline/offset"
    }
}