{
    "name": "wabi_sabi_structures:piglin_brute",
    "fallback": "minecraft:empty",
    "elements": [
        {
            "weight": 2,
            "element": {
                "element_type": "minecraft:single_pool_element",
                "location": "minecraft:empty",
                "projection": "rigid",
                "processors": "minecraft:empty"
            }
        },
        {
            "weight": 3,
            "element": {
                "element_type": "minecraft:single_pool_element",
                "location": "wabi_sabi_structures:basalt_castle/piglin_brute/piglin_brute",
                "projection": "rigid",
                "processors": "minecraft:empty"
            }
        }
    ]
}