{
	"minecraft:seagrass": { "alwaysWaterlogged": true },
	"minecraft:tall_seagrass": { "alwaysWaterlogged": true },
	"minecraft:kelp": { "alwaysWaterlogged": true },
	"minecraft:kelp_plant": { "alwaysWaterlogged": true },
	"minecraft:bubble_column": { "alwaysWaterlogged": true },

	"minecraft:grass": { "randomOffset": true },
	"minecraft:tall_grass": { "randomOffset": true },
	"minecraft:fern": { "randomOffset": true },
	"minecraft:dandelion": { "randomOffset": true },
	"minecraft:cornflower": { "randomOffset": true },
	"minecraft:poppy": { "randomOffset": true },
	"minecraft:blue_orchid": { "randomOffset": true },
	"minecraft:allium": { "randomOffset": true },
	"minecraft:azure_bluet": { "randomOffset": true },
	"minecraft:red_tulip": { "randomOffset": true },
	"minecraft:orange_tulip": { "randomOffset": true },
	"minecraft:white_tulip": { "randomOffset": true },
	"minecraft:pink_tulip": { "randomOffset": true },
	"minecraft:oxeye_daisy": { "randomOffset": true },
	"minecraft:lily_of_the_valley": { "randomOffset": true },
	"minecraft:wither_rose": { "randomOffset": true },
	"minecraft:crimson_roots": { "randomOffset": true },
	"minecraft:warped_roots": { "randomOffset": true },
	"minecraft:nether_sprouts": { "randomOffset": true },
	"minecraft:rose_bush": { "randomOffset": true },
	"minecraft:peony": { "randomOffset": true },
	"minecraft:lilac": { "randomOffset": true },
	"minecraft:sunflower": { "randomOffset": true },
	"minecraft:hanging_roots": { "randomOffset": true },
	"minecraft:small_dripleaf": { "randomOffset": true },

	"minecraft:glass": { "occluding": false },
	"minecraft:tinted_glass": { "occluding": false },
	"minecraft:white_stained_glass": { "occluding": false },
	"minecraft:orange_stained_glass": { "occluding": false },
	"minecraft:magenta_stained_glass": { "occluding": false },
	"minecraft:light_blue_stained_glass": { "occluding": false },
	"minecraft:yellow_stained_glass": { "occluding": false },
	"minecraft:lime_stained_glass": { "occluding": false },
	"minecraft:pink_stained_glass": { "occluding": false },
	"minecraft:gray_stained_glass": { "occluding": false },
	"minecraft:light_gray_stained_glass": { "occluding": false },
	"minecraft:cyan_stained_glass": { "occluding": false },
	"minecraft:purple_stained_glass": { "occluding": false },
	"minecraft:blue_stained_glass": { "occluding": false },
	"minecraft:brown_stained_glass": { "occluding": false },
	"minecraft:green_stained_glass": { "occluding": false },
	"minecraft:red_stained_glass": { "occluding": false },
	"minecraft:black_stained_glass": { "occluding": false }
}