{
    "type": "cache_once",
    "argument": {
        "type": "minecraft:range_choice",
        "input": "tectonic:overworld/special/deep_dark/parameters",
        "min_inclusive": 0.9,
        "max_exclusive": 1.1,
        "when_in_range": -2,
        "when_out_of_range": {
          "type": "minecraft:range_choice",
          "input": "tectonic:overworld/special/oceanside_cliffs/parameters",
          "min_inclusive": 0.9,
          "max_exclusive": 1.1,
          "when_in_range": 1,
          "when_out_of_range": {
            "type": "minecraft:range_choice",
            "input": "tectonic:overworld/special/underground_rivers/parameters_lax",
            "min_inclusive": 0.9,
            "max_exclusive": 1.1,
            "when_in_range": 1,
            "when_out_of_range": {
              "type": "minecraft:noise",
              "noise": "minecraft:aquifer_fluid_level_floodedness",
              "xz_scale": 1,
              "y_scale": 1.4
            }
          }
        }
      }
}