{
    "type": "minecraft:range_choice",
    "input": "tectonic:overworld/special/river_parameters",
    "min_inclusive": 0.9,
    "max_exclusive": 1.1,
    "when_in_range": 0,
    "when_out_of_range": {
        "type": "minecraft:range_choice",
        "input": "minecraft:overworld/continents",
        "min_inclusive": -2,
        "max_exclusive": -0.95,
        "when_in_range": -1,
        "when_out_of_range": {
            "type": "minecraft:range_choice",
            "input": "minecraft:overworld/continents",
            "min_inclusive": -0.95,
            "max_exclusive": -0.4,
            "when_in_range": -0.7,
            "when_out_of_range": {
                "type": "minecraft:range_choice",
                "input": "minecraft:overworld/continents",
                "min_inclusive": -0.4,
                "max_exclusive": -0.025,
                "when_in_range": -0.3,
                "when_out_of_range": {
                    "type": "minecraft:range_choice",
                    "input": "minecraft:overworld/continents",
                    "min_inclusive": -0.025,
                    "max_exclusive": 0.005,
                    "when_in_range": {
                        "type": "minecraft:range_choice",
                        "input": {
                            "type": "minecraft:abs",
                            "argument": "minecraft:overworld/base_erosion"
                        },
                        "min_inclusive": 0.85,
                        "max_exclusive": 3,
                        "when_in_range": 0.1,
                        "when_out_of_range": -0.15
                    },
                    "when_out_of_range": {
                        "type": "minecraft:range_choice",
                        "input": "minecraft:overworld/continents",
                        "min_inclusive": 0.005,
                        "max_exclusive": 0.02,
                        "when_in_range": {
                            "type": "minecraft:range_choice",
                            "input": "minecraft:overworld/base_erosion",
                            "min_inclusive": -0.19,
                            "max_exclusive": 0.19,
                            "when_in_range": -0.15,
                            "when_out_of_range": 0.1
                        },
                        "when_out_of_range": {
                            "type": "minecraft:range_choice",
                            "input": "minecraft:overworld/continents",
                            "min_inclusive": 0.02,
                            "max_exclusive": 0.325,
                            "when_in_range": 0.1,
                            "when_out_of_range": {
                                "type": "minecraft:range_choice",
                                "input": "minecraft:overworld/continents",
                                "min_inclusive": 0.325,
                                "max_exclusive": 0.375,
                                "when_in_range": 0.5,
                                "when_out_of_range": {
                                    "type": "minecraft:range_choice",
                                    "input": "minecraft:overworld/continents",
                                    "min_inclusive": 0.375,
                                    "max_exclusive": 2,
                                    "when_in_range": 1,
                                    "when_out_of_range": 64
                                }
                            }
                        }
                    }
                }
            }
        }
    }
}