{
    "type": "minecraft:range_choice",
    "input": "tectonic:overworld/special/river_parameters",
    "min_inclusive": 0.9,
    "max_exclusive": 1.1,
    "when_in_range": 0,
    "when_out_of_range": {
        "type": "minecraft:range_choice",
        "input": "minecraft:overworld/continents",
        "min_inclusive": -2,
        "max_exclusive": -0.025,
        "when_in_range": "minecraft:overworld/base_erosion",
        "when_out_of_range": {
            "type": "minecraft:range_choice",
            "input": "minecraft:overworld/continents",
            "min_inclusive": -0.025,
            "max_exclusive": 0.02,
            "when_in_range": {
                "type": "minecraft:range_choice",
                "input": "minecraft:overworld/base_erosion",
                "min_inclusive": -0.19,
                "max_exclusive": 0.19,
                "when_in_range": -1,
                "when_out_of_range": {
                    "type": "minecraft:range_choice",
                    "input": {
                        "type": "minecraft:abs",
                        "argument": "minecraft:overworld/base_erosion"
                    },
                    "min_inclusive": 0.85,
                    "max_exclusive": 3,
                    "when_in_range": 1,
                    "when_out_of_range": 0.2
                }
            },
            "when_out_of_range": {
                "type": "minecraft:range_choice",
                "input": "minecraft:overworld/continents",
                "min_inclusive": 0.02,
                "max_exclusive": 0.325,
                "when_in_range": {
                    "type": "minecraft:range_choice",
                    "input": {
                        "type": "minecraft:abs",
                        "argument": "minecraft:overworld/base_erosion"
                    },
                    "min_inclusive": 0.85,
                    "max_exclusive": 1,
                    "when_in_range": 1,
                    "when_out_of_range": 0.2
                },
                "when_out_of_range": {
                    "type": "minecraft:range_choice",
                    "input": "minecraft:overworld/continents",
                    "min_inclusive": 0.325,
                    "max_exclusive": 0.375,
                    "when_in_range": {
                        "type": "minecraft:range_choice",
                        "input": "minecraft:overworld/base_erosion",
                        "min_inclusive": -0.075,
                        "max_exclusive": 0.075,
                        "when_in_range": -1,
                        "when_out_of_range": {
                            "type": "minecraft:range_choice",
                            "input": "minecraft:overworld/base_erosion",
                            "min_inclusive": -0.19,
                            "max_exclusive": 0.19,
                            "when_in_range": -0.3,
                            "when_out_of_range": 0.2
                        }
                    },
                    "when_out_of_range": {
                        "type": "minecraft:range_choice",
                        "input": "minecraft:overworld/continents",
                        "min_inclusive": 0.375,
                        "max_exclusive": 2,
                        "when_in_range": {
                            "type": "minecraft:range_choice",
                            "input": "minecraft:overworld/base_erosion",
                            "min_inclusive": -0.075,
                            "max_exclusive": 0.075,
                            "when_in_range": -1,
                            "when_out_of_range": {
                                "type": "minecraft:range_choice",
                                "input": "minecraft:overworld/base_erosion",
                                "min_inclusive": -0.125,
                                "max_exclusive": 0.125,
                                "when_in_range": -0.5,
                                "when_out_of_range": {
                                    "type": "minecraft:range_choice",
                                    "input": "minecraft:overworld/base_erosion",
                                    "min_inclusive": -0.19,
                                    "max_exclusive": 0.19,
                                    "when_in_range": -0.3,
                                    "when_out_of_range": 0.2
                                }
                            }
                        },
                        "when_out_of_range": 64
                    }
                }
            }
        }
    }
}