{
  "type": "repurposed_structures:generic_jigsaw_structure",
  "start_pool": "repurposed_structures:ancient_cities/ocean/start_pool",
  "size": 7,
  "valid_biome_radius_check": 1,
  "biomes": "#repurposed_structures:has_structure/ancient_cities/ocean",
  "step": "surface_structures",
  "cannot_spawn_in_liquid": false,
  "terrain_adaptation": "beard_box",
  "project_start_to_heightmap": "OCEAN_FLOOR_WG",
  "burying_type": "LOWEST_CORNER",
  "start_height": {
    "absolute": -1
  },
  "spawn_overrides": {
    "monster": {
      "bounding_box": "piece",
      "spawns": [
        {
          "type": "minecraft:drowned",
          "weight": 10,
          "minCount": 2,
          "maxCount": 5
        }
      ]
    }
  }
}