{
  "type": "repurposed_structures:city_nether_structure",
  "start_pool": "repurposed_structures:cities/nether/start_pool",
  "size": 5,
  "pools_that_ignore_boundaries": [
    "repurposed_structures:cities/nether/bridge_end",
    "repurposed_structures:cities/nether/tower_top",
    "repurposed_structures:cities/nether/fat_tower_top"
  ],
  "biomes": "#repurposed_structures:has_structure/cities/nether",
  "step": "surface_structures",
  "terrain_adaptation": "beard_thin",
  "start_height": {
    "absolute": 33
  },
  "spawn_overrides": {
    "monster": {
      "bounding_box": "piece",
      "spawns": [
        {
          "type": "minecraft:wither_skeleton",
          "weight": 10,
          "minCount": 2,
          "maxCount": 3
        },
        {
          "type": "minecraft:blaze",
          "weight": 120,
          "minCount": 1,
          "maxCount": 4
        }
      ]
    }
  }
}