{
  "type": "repurposed_structures:generic_jigsaw_structure",
  "start_pool": "repurposed_structures:fortresses/jungle/start_pool",
  "size": 10,
  "vertical_distance_from_start_piece": 35,
  "valid_biome_radius_check": 4,
  "biomes": "#repurposed_structures:has_structure/fortresses/jungle",
  "step": "surface_structures",
  "terrain_adaptation": "none",
  "start_height": {
    "type": "minecraft:uniform",
    "max_inclusive": {
      "absolute": 65
    },
    "min_inclusive": {
      "absolute": 56
    }
  },
  "spawn_overrides": {
    "monster": {
      "bounding_box": "piece",
      "spawns": [
        {
          "type": "minecraft:wither_skeleton",
          "weight": 1,
          "minCount": 1,
          "maxCount": 1
        },
        {
          "type": "minecraft:skeleton",
          "weight": 10,
          "minCount": 1,
          "maxCount": 3
        },
        {
          "type": "minecraft:zombie",
          "weight": 10,
          "minCount": 1,
          "maxCount": 4
        },
        {
          "type": "minecraft:spider",
          "weight": 10,
          "minCount": 1,
          "maxCount": 3
        },
        {
          "type": "minecraft:creeper",
          "weight": 5,
          "minCount": 1,
          "maxCount": 2
        },
        {
          "type": "minecraft:enderman",
          "weight": 3,
          "minCount": 1,
          "maxCount": 2
        },
        {
          "type": "minecraft:witch",
          "weight": 2,
          "minCount": 1,
          "maxCount": 2
        }
      ]
    }
  }
}