{
  "type": "repurposed_structures:mineshaft_end",
  "start_pool": "repurposed_structures:mineshafts/end/start_pool",
  "size": 11,
  "min_island_thickness_allowed": 30,
  "biomes": "#repurposed_structures:has_structure/mineshafts/end",
  "step": "underground_structures",
  "terrain_adaptation": "none",
  "start_height": {
    "absolute": 0
  },
  "spawn_overrides": {
    "monster": {
      "bounding_box": "piece",
      "spawns": [
        {
          "type": "minecraft:endermite",
          "weight": 10,
          "minCount": 2,
          "maxCount": 5
        },
        {
          "type": "minecraft:enderman",
          "weight": 5,
          "minCount": 1,
          "maxCount": 3
        }
      ]
    }
  }
}