{
  "type": "repurposed_structures:generic_jigsaw_structure",
  "start_pool": "repurposed_structures:mineshafts/crimson/start_pool",
  "size": 10,
  "biomes": "#repurposed_structures:has_structure/mineshafts/crimson",
  "step": "vegetal_decoration",
  "min_y_allowed": 2,
  "terrain_adaptation": "none",
  "start_height": {
    "type": "minecraft:uniform",
    "max_inclusive": {
      "absolute": 13
    },
    "min_inclusive": {
      "absolute": 6
    }
  },
  "spawn_overrides": {}
}