{
  "type": "repurposed_structures:generic_jigsaw_structure",
  "start_pool": "repurposed_structures:outposts/end/base_plates",
  "size": 11,
  "min_y_allowed": 55,
  "terrain_height_radius_check": 3,
  "allowed_terrain_height_range": 15,
  "valid_biome_radius_check": 2,
  "biomes": "#repurposed_structures:has_structure/outposts/end",
  "step": "surface_structures",
  "terrain_adaptation": "beard_box",
  "project_start_to_heightmap": "WORLD_SURFACE_WG",
  "start_height": {
    "absolute": 0
  },
  "use_bounding_box_hack": true,
  "spawn_overrides": {
    "monster": {
      "bounding_box": "piece",
      "spawns": [
        {
          "type": "minecraft:phantom",
          "weight": 10,
          "minCount": 1,
          "maxCount": 1
        }
      ]
    }
  }
}