{
  "type": "repurposed_structures:generic_jigsaw_structure",
  "start_pool": "repurposed_structures:ruins/land_icy/start_pool",
  "size": 2,
  "terrain_height_radius_check": 1,
  "allowed_terrain_height_range": 8,
  "cannot_spawn_in_liquid": true,
  "biomes": "#repurposed_structures:has_structure/ruins/land_icy",
  "step": "surface_structures",
  "terrain_adaptation": "beard_thin",
  "project_start_to_heightmap": "WORLD_SURFACE_WG",
  "start_height": {
    "absolute": 0
  },
  "spawn_overrides": {}
}