{
  "type": "repurposed_structures:shipwreck_nether_structure",
  "start_pool": "repurposed_structures:shipwrecks/warped",
  "size": 1,
  "biomes": "#repurposed_structures:has_structure/shipwrecks/warped",
  "step": "surface_structures",
  "terrain_adaptation": "none",
  "start_height": {
    "absolute": 28
  },
  "spawn_overrides": {
    "monster": {
      "bounding_box": "piece",
      "spawns": [
        {
          "type": "minecraft:wither_skeleton",
          "weight": 10,
          "minCount": 1,
          "maxCount": 1
        }
      ]
    }
  }
}