{
  "type": "repurposed_structures:stronghold_end",
  "start_pool": "repurposed_structures:strongholds/end/start_pool",
  "size": 15,
  "biomes": "#repurposed_structures:has_structure/strongholds/end",
  "vertical_distance_from_start_piece": 45,
  "step": "strongholds",
  "terrain_adaptation": "none",
  "start_height": {
    "type": "minecraft:uniform",
    "max_inclusive": {
      "absolute": 6
    },
    "min_inclusive": {
      "absolute": 3
    }
  },
  "spawn_overrides": {
    "monster": {
      "bounding_box": "piece",
      "spawns": [
        {
          "type": "minecraft:endermite",
          "weight": 100,
          "minCount": 2,
          "maxCount": 4
        }
      ]
    }
  }
}