{
  "type": "repurposed_structures:generic_jigsaw_structure",
  "start_pool": "repurposed_structures:strongholds/nether/start_pool",
  "size": 15,
  "biomes": "#repurposed_structures:has_structure/strongholds/nether",
  "max_y_allowed": 35,
  "min_y_allowed": 4,
  "step": "top_layer_modification",
  "terrain_adaptation": "none",
  "start_height": {
    "type": "minecraft:uniform",
    "max_inclusive": {
      "absolute": 29
    },
    "min_inclusive": {
      "absolute": 26
    }
  },
  "spawn_overrides": {
    "monster": {
      "bounding_box": "piece",
      "spawns": [
        {
          "type": "minecraft:blaze",
          "weight": 10,
          "minCount": 2,
          "maxCount": 3
        },
        {
          "type": "minecraft:zombified_piglin",
          "weight": 3,
          "minCount": 4,
          "maxCount": 4
        },
        {
          "type": "minecraft:wither_skeleton",
          "weight": 10,
          "minCount": 5,
          "maxCount": 5
        },
        {
          "type": "minecraft:skeleton",
          "weight": 2,
          "minCount": 5,
          "maxCount": 5
        },
        {
          "type": "minecraft:magma_cube",
          "weight": 3,
          "minCount": 4,
          "maxCount": 4
        }
      ]
    }
  }
}