{
  "name": "wabi_sabi_structures:beetroot_patch",
  "fallback": "minecraft:empty",
  "elements": [
    {
      "weight": 10,
      "element": {
        "element_type": "minecraft:single_pool_element",
        "projection": "terrain_matching",
        "location": "wabi_sabi_structures:beetroot_patch/beetroot_patch_tiny_4",
        "processors": "minecraft:empty"
      }
    },
    {
      "weight": 9,
      "element": {
        "element_type": "minecraft:single_pool_element",
        "projection": "terrain_matching",
        "location": "wabi_sabi_structures:beetroot_patch/beetroot_patch_tiny_6",
        "processors": "minecraft:empty"
      }
    },
    {
      "weight": 7,
      "element": {
        "element_type": "minecraft:single_pool_element",
        "projection": "terrain_matching",
        "location": "wabi_sabi_structures:beetroot_patch/beetroot_patch_tiny_8",
        "processors": "minecraft:empty"
      }
    },
    {
      "weight": 6,
      "element": {
        "element_type": "minecraft:single_pool_element",
        "projection": "terrain_matching",
        "location": "wabi_sabi_structures:beetroot_patch/beetroot_patch_tiny_9",
        "processors": "minecraft:empty"
      }
    },
    {
      "weight": 8,
      "element": {
        "element_type": "minecraft:single_pool_element",
        "projection": "terrain_matching",
        "location": "wabi_sabi_structures:beetroot_patch/beetroot_patch_small_7",
        "processors": "minecraft:empty"
      }
    },
    {
      "weight": 4,
      "element": {
        "element_type": "minecraft:single_pool_element",
        "projection": "terrain_matching",
        "location": "wabi_sabi_structures:beetroot_patch/beetroot_patch_small_10",
        "processors": "minecraft:empty"
      }
    },
    {
      "weight": 3,
      "element": {
        "element_type": "minecraft:single_pool_element",
        "projection": "terrain_matching",
        "location": "wabi_sabi_structures:beetroot_patch/beetroot_patch_small_13",
        "processors": "minecraft:empty"
      }
    },
    {
      "weight": 5,
      "element": {
        "element_type": "minecraft:single_pool_element",
        "projection": "terrain_matching",
        "location": "wabi_sabi_structures:beetroot_patch/beetroot_patch_large_18",
        "processors": "minecraft:empty"
      }
    },
    {
      "weight": 2,
      "element": {
        "element_type": "minecraft:single_pool_element",
        "projection": "terrain_matching",
        "location": "wabi_sabi_structures:beetroot_patch/beetroot_patch_large_24",
        "processors": "minecraft:empty"
      }
    },
    {
      "weight": 1,
      "element": {
        "element_type": "minecraft:single_pool_element",
        "projection": "terrain_matching",
        "location": "wabi_sabi_structures:beetroot_patch/beetroot_patch_huge_39",
        "processors": "minecraft:empty"
      }
    }
  ]
}
