{
    "name": "wabi_sabi_structures:effigy_patch_mushroom",
    "fallback": "minecraft:empty",
    "elements": [
        {
            "weight": 4,
            "element": {
                "element_type": "minecraft:single_pool_element",
                "location": "wabi_sabi_structures:effigy_patch_mushroom/effigy_patch_mushroom_sentinel",
                "projection": "rigid",
                "processors": "wabi_sabi_structures:effigy_patch_mushroom"
            }
        },
		{
            "weight": 4,
            "element": {
                "element_type": "minecraft:single_pool_element",
                "location": "wabi_sabi_structures:effigy_patch_mushroom/effigy_patch_mushroom_hunter",
                "projection": "rigid",
                "processors": "wabi_sabi_structures:effigy_patch_mushroom"
            }
        },
		{
            "weight": 3,
            "element": {
                "element_type": "minecraft:single_pool_element",
                "location": "wabi_sabi_structures:effigy_patch_mushroom/effigy_patch_mushroom_naturalist",
                "projection": "rigid",
                "processors": "wabi_sabi_structures:effigy_patch_mushroom"
            }
        },
		{
            "weight": 2,
            "element": {
                "element_type": "minecraft:single_pool_element",
                "location": "wabi_sabi_structures:effigy_patch_mushroom/effigy_patch_mushroom_soothsayer",
                "projection": "rigid",
                "processors": "wabi_sabi_structures:effigy_patch_mushroom"
            }
        }
    ]
}