{
    "name": "wabi_sabi_structures:effigy_patch_savanna",
    "fallback": "minecraft:empty",
    "elements": [
        {
            "weight": 4,
            "element": {
                "element_type": "minecraft:single_pool_element",
                "location": "wabi_sabi_structures:effigy_patch_savanna/effigy_patch_savanna_sentinel",
                "projection": "rigid",
                "processors": "wabi_sabi_structures:effigy_patch_savanna"
            }
        },
		{
            "weight": 4,
            "element": {
                "element_type": "minecraft:single_pool_element",
                "location": "wabi_sabi_structures:effigy_patch_savanna/effigy_patch_savanna_hunter",
                "projection": "rigid",
                "processors": "wabi_sabi_structures:effigy_patch_savanna"
            }
        },
		{
            "weight": 3,
            "element": {
                "element_type": "minecraft:single_pool_element",
                "location": "wabi_sabi_structures:effigy_patch_savanna/effigy_patch_savanna_naturalist",
                "projection": "rigid",
                "processors": "wabi_sabi_structures:effigy_patch_savanna"
            }
        },
		{
            "weight": 2,
            "element": {
                "element_type": "minecraft:single_pool_element",
                "location": "wabi_sabi_structures:effigy_patch_savanna/effigy_patch_savanna_soothsayer",
                "projection": "rigid",
                "processors": "wabi_sabi_structures:effigy_patch_savanna"
            }
        }
    ]
}