{
    "name": "wabi_sabi_structures:firewatch_tower",
    "fallback": "minecraft:empty",
    "elements": [
        {
            "weight": 1,
            "element": {
                "element_type": "minecraft:single_pool_element",
                "location": "wabi_sabi_structures:firewatch_tower/large_firewatch_tower",
                "projection": "rigid",
                "processors": "wabi_sabi_structures:large_firewatch_tower"
            }
        },
	    {
            "weight": 2,
            "element": {
                "element_type": "minecraft:single_pool_element",
                "projection": "rigid",
                "location": "wabi_sabi_structures:firewatch_tower/small_firewatch_tower",
                "processors": "wabi_sabi_structures:small_firewatch_tower"
            }
        }
    ]
}