{
    "name": "wabi_sabi_structures:river_boat",
    "fallback": "minecraft:empty",
    "elements": [
        {
            "weight": 1,
            "element": {
                "element_type": "minecraft:single_pool_element",
                "location": "wabi_sabi_structures:river_boat/small_river_house_boat",
                "projection": "rigid",
                "processors": "minecraft:empty"
            }
        },
        {
            "weight": 1,
            "element": {
                "element_type": "minecraft:single_pool_element",
                "location": "wabi_sabi_structures:river_boat/small_river_boat",
                "projection": "rigid",
                "processors": "wabi_sabi_structures:small_river_boat"
            }
        },
        {
            "weight": 1,
            "element": {
                "element_type": "minecraft:single_pool_element",
                "location": "wabi_sabi_structures:river_boat/small_river_barge",
                "projection": "rigid",
                "processors": "wabi_sabi_structures:small_river_barge"
            }
        },
        {
            "weight": 1,
            "element": {
                "element_type": "minecraft:single_pool_element",
                "location": "wabi_sabi_structures:river_boat/small_roofed_dinghy",
                "projection": "rigid",
                "processors": "wabi_sabi_structures:small_roofed_dinghy"
            }
        },
        {
            "weight": 1,
            "element": {
                "element_type": "minecraft:single_pool_element",
                "location": "wabi_sabi_structures:river_boat/small_fishing_dinghy",
                "projection": "rigid",
                "processors": "wabi_sabi_structures:small_roofed_dinghy"
            }
        }
    ]
}