{
  "name": "wabi_sabi_structures:wheat_patch",
  "fallback": "minecraft:empty",
  "elements": [
    {
      "weight": 10,
      "element": {
        "element_type": "minecraft:single_pool_element",
        "projection": "terrain_matching",
        "location": "wabi_sabi_structures:wheat_patch/tiny_wheat_patch_variant_1",
        "processors": "wabi_sabi_structures:wheat_patch_tiny"
      }
    },
    {
      "weight": 10,
      "element": {
        "element_type": "minecraft:single_pool_element",
        "projection": "terrain_matching",
        "location": "wabi_sabi_structures:wheat_patch/tiny_wheat_patch_variant_2",
        "processors": "wabi_sabi_structures:wheat_patch_tiny"
      }
    },
    {
      "weight": 5,
      "element": {
        "element_type": "minecraft:single_pool_element",
        "projection": "terrain_matching",
        "location": "wabi_sabi_structures:wheat_patch/small_wheat_patch_variant_1",
        "processors": "wabi_sabi_structures:wheat_patch_small"
      }
    },
    {
      "weight": 5,
      "element": {
        "element_type": "minecraft:single_pool_element",
        "projection": "terrain_matching",
        "location": "wabi_sabi_structures:wheat_patch/small_wheat_patch_variant_2",
        "processors": "wabi_sabi_structures:wheat_patch_small"
      }
    },
    {
      "weight": 5,
      "element": {
        "element_type": "minecraft:single_pool_element",
        "projection": "terrain_matching",
        "location": "wabi_sabi_structures:wheat_patch/small_wheat_patch_variant_3",
        "processors": "wabi_sabi_structures:wheat_patch_small"
      }
    },
    {
      "weight": 3,
      "element": {
        "element_type": "minecraft:single_pool_element",
        "projection": "terrain_matching",
        "location": "wabi_sabi_structures:wheat_patch/medium_wheat_patch_variant_1",
        "processors": "wabi_sabi_structures:wheat_patch_medium"
      }
    },
    {
      "weight": 3,
      "element": {
        "element_type": "minecraft:single_pool_element",
        "projection": "terrain_matching",
        "location": "wabi_sabi_structures:wheat_patch/medium_wheat_patch_variant_2",
        "processors": "wabi_sabi_structures:wheat_patch_medium"
      }
    },
    {
      "weight": 1,
      "element": {
        "element_type": "minecraft:single_pool_element",
        "projection": "terrain_matching",
        "location": "wabi_sabi_structures:wheat_patch/wheat_field",
        "processors": "wabi_sabi_structures:wheat_field"
      }
    }
  ]
}
