{
    "type": "minecraft:cache_once",
    "argument": {
        "type": "minecraft:range_choice",
        "input": "minecraft:overworld/continents",
        "min_inclusive": 0.025,
        "max_exclusive": 2,
        "when_in_range": {
            "type": "minecraft:range_choice",
            "input": "minecraft:overworld/base_erosion",
            "min_inclusive": -0.19,
            "max_exclusive": 0.19,
            "when_in_range": {
                "type": "minecraft:range_choice",
                "input": "minecraft:overworld/base_ridges",
                "min_inclusive": -0.035,
                "max_exclusive": 0.035,
                "when_in_range": {
                    "type": "minecraft:range_choice",
                    "input": "tectonic:overworld/noise/depth",
                    "min_inclusive": 0.05,
                    "max_exclusive": 64,
                    "when_in_range": {
                        "type": "minecraft:range_choice",
                        "input": "minecraft:y",
                        "min_inclusive": 48,
                        "max_exclusive": 76,
                        "when_in_range": 1,
                        "when_out_of_range": 0
                    },
                    "when_out_of_range": 0
                },
                "when_out_of_range": 0
            },
            "when_out_of_range": 0
        },
        "when_out_of_range": 0
    }
}