{
  "type": "minecraft:add",
  "argument1": {
    "type": "minecraft:mul",
    "argument1": {
      "type": "minecraft:mul",
      "argument1": {
        "type": "minecraft:mul",
        "argument1": {
          "type": "minecraft:spline",
          "min_value": -1.5,
          "max_value": 1.5,
          "spline": {
            "coordinate": {
              "type": "minecraft:interpolated",
              "argument": "minecraft:overworld/continents"
            },
            "points": [
              {
                "location": -0.1,
                "derivative": 0,
                "value": 0
              },
              {
                "location": 0,
                "derivative": 0,
                "value": 1
              }
            ]
          }
        },
        "argument2": {
          "type": "minecraft:spline",
          "min_value": -1.5,
          "max_value": 1.5,
          "spline": {
            "coordinate": {
              "type": "minecraft:interpolated",
              "argument": "tectonic:overworld/noise/erosion_folded"
            },
            "points": [
              {
                "location": 0.2,
                "derivative": 0,
                "value": 1
              },
              {
                "location": 0.3,
                "derivative": 0,
                "value": 0
              }
            ]
          }
        }
      },
      "argument2": {
        "type": "minecraft:mul",
        "argument1": {
          "type": "minecraft:spline",
          "min_value": -1.5,
          "max_value": 1.5,
          "spline": {
            "coordinate": {
              "type": "minecraft:interpolated",
              "argument": "minecraft:overworld/base_ridges"
            },
            "points": [
              {
                "location": -0.04,
                "derivative": 0,
                "value": 0
              },
              {
                "location": 0.0,
                "derivative": 0,
                "value": 0.55
              },
              {
                "location": 0.04,
                "derivative": 0,
                "value": 0
              }
            ]
          }
        },
        "argument2": {
          "type": "minecraft:spline",
          "min_value": -1.5,
          "max_value": 1.5,
          "spline": {
            "coordinate": "minecraft:y",
            "points": [
              {
                "location": 44,
                "derivative": 0,
                "value": 0
              },
              {
                "location": 64,
                "derivative": 0,
                "value": 0.45
              },
              {
                "location": 80,
                "derivative": 0,
                "value": 0
              }
            ]
          }
        }
      }
    },
    "argument2": -2
  },
  "argument2": 0.2
}